-- phpMyAdmin SQL Dump
-- version 5.2.1
-- https://www.phpmyadmin.net/
--
-- Máy chủ: 127.0.0.1
-- Thời gian đã tạo: Th5 27, 2024 lúc 06:30 PM
-- Phiên bản máy phục vụ: 10.4.28-MariaDB
-- Phiên bản PHP: 8.2.4

SET SQL_MODE = "NO_AUTO_VALUE_ON_ZERO";
START TRANSACTION;
SET time_zone = "+00:00";


/*!40101 SET @OLD_CHARACTER_SET_CLIENT=@@CHARACTER_SET_CLIENT */;
/*!40101 SET @OLD_CHARACTER_SET_RESULTS=@@CHARACTER_SET_RESULTS */;
/*!40101 SET @OLD_COLLATION_CONNECTION=@@COLLATION_CONNECTION */;
/*!40101 SET NAMES utf8mb4 */;

--
-- Cơ sở dữ liệu: `laravel_shopee`
--

-- --------------------------------------------------------

--
-- Cấu trúc bảng cho bảng `addresses`
--

CREATE TABLE `addresses` (
  `id` bigint(20) UNSIGNED NOT NULL,
  `order_id` bigint(20) UNSIGNED NOT NULL,
  `full_name` varchar(255) DEFAULT NULL,
  `phone` varchar(255) DEFAULT NULL,
  `address` text DEFAULT NULL,
  `district` text DEFAULT NULL,
  `city` varchar(255) DEFAULT NULL,
  `created_at` timestamp NULL DEFAULT NULL,
  `updated_at` timestamp NULL DEFAULT NULL
) ENGINE=InnoDB DEFAULT CHARSET=utf8mb4 COLLATE=utf8mb4_unicode_ci;

--
-- Đang đổ dữ liệu cho bảng `addresses`
--

INSERT INTO `addresses` (`id`, `order_id`, `full_name`, `phone`, `address`, `district`, `city`, `created_at`, `updated_at`) VALUES
(1, 1, 'La Van Sang', '0376602520', 'Xã Cam Thượng', 'Ba Vì', 'Hà Nội', '2024-05-07 10:03:56', '2024-05-08 16:38:37'),
(2, 2, 'La Van Sang', '0376602520', 'Xã Cam Thượng', 'Sơn Tây', 'Hà Nội', '2024-05-07 10:08:47', '2024-05-08 16:39:08'),
(3, 11, 'la van sang', '0376602520', 'Xã Cam thượng - Làng Cam Đà', 'Huyện Ba Vì', 'Thành phố Hà Nội', '2024-05-17 16:46:10', '2024-05-17 16:46:10'),
(4, 12, 'Alice', '0376602520', 'Xã Cam thượng - Làng Cam Đà', 'Huyện Gia Lâm', 'Thành phố Hà Nội', '2024-05-17 16:57:08', '2024-05-17 16:57:08');

-- --------------------------------------------------------

--
-- Cấu trúc bảng cho bảng `brands`
--

CREATE TABLE `brands` (
  `id` bigint(20) UNSIGNED NOT NULL,
  `name` varchar(255) NOT NULL,
  `slug` varchar(255) NOT NULL,
  `image` varchar(255) DEFAULT NULL,
  `is_active` tinyint(1) NOT NULL DEFAULT 1,
  `created_at` timestamp NULL DEFAULT NULL,
  `updated_at` timestamp NULL DEFAULT NULL
) ENGINE=InnoDB DEFAULT CHARSET=utf8mb4 COLLATE=utf8mb4_unicode_ci;

--
-- Đang đổ dữ liệu cho bảng `brands`
--

INSERT INTO `brands` (`id`, `name`, `slug`, `image`, `is_active`, `created_at`, `updated_at`) VALUES
(1, 'Apple', 'apple', 'categories/01HXE90Y8MGEC3B98TEEP5BNV5.png', 1, '2024-05-06 01:32:52', '2024-05-09 08:55:23'),
(2, 'Samsung', 'samsung', 'categories/01HXE93E1MBWT3SMPH156AY5B1.jpg', 1, '2024-05-06 01:39:08', '2024-05-09 08:56:44'),
(3, 'Oppo', 'oppo', 'categories/01HXE98D4FR4JR60KQZJBG5NHY.jpg', 1, '2024-05-06 01:41:42', '2024-05-09 08:59:27'),
(4, 'Xiaomi', 'xiaomi', 'categories/01HXE8WBK9QE89J3SD3285YWSV.jpg', 1, '2024-05-09 08:52:00', '2024-05-09 08:52:52');

-- --------------------------------------------------------

--
-- Cấu trúc bảng cho bảng `categories`
--

CREATE TABLE `categories` (
  `id` bigint(20) UNSIGNED NOT NULL,
  `name` varchar(255) NOT NULL,
  `slug` varchar(255) NOT NULL,
  `image` varchar(255) DEFAULT NULL,
  `is_active` tinyint(1) NOT NULL DEFAULT 1,
  `created_at` timestamp NULL DEFAULT NULL,
  `updated_at` timestamp NULL DEFAULT NULL
) ENGINE=InnoDB DEFAULT CHARSET=utf8mb4 COLLATE=utf8mb4_unicode_ci;

--
-- Đang đổ dữ liệu cho bảng `categories`
--

INSERT INTO `categories` (`id`, `name`, `slug`, `image`, `is_active`, `created_at`, `updated_at`) VALUES
(1, 'Máy tính xách tay', 'may-tinh-xach-tay', 'categories/01HXE9FD3GKVB7P36FRWR0R6X5.png', 1, '2024-05-06 01:19:50', '2024-05-09 16:47:22'),
(2, 'Điện thoại thông minh', 'dien-thoai-thong-minh', 'categories/01HXE9G7QNABEKT1KH2BE62J2R.webp', 1, '2024-05-06 01:46:25', '2024-05-09 09:03:44'),
(3, 'Đồng hồ thông minh', 'dong-ho-thong-minh', 'categories/01HXE9HH5ZKEZFDMP46HPPR9NP.jpg', 1, '2024-05-09 09:04:26', '2024-05-09 09:04:26'),
(4, 'Tivi', 'tivi', 'categories/01HXE9JQVJ33M231V7DQ4DZH0R.png', 1, '2024-05-09 09:05:06', '2024-05-09 09:07:25');

-- --------------------------------------------------------

--
-- Cấu trúc bảng cho bảng `cities`
--

CREATE TABLE `cities` (
  `id` bigint(20) UNSIGNED NOT NULL,
  `city_name` varchar(255) NOT NULL,
  `created_at` timestamp NULL DEFAULT NULL,
  `updated_at` timestamp NULL DEFAULT NULL
) ENGINE=InnoDB DEFAULT CHARSET=utf8mb4 COLLATE=utf8mb4_unicode_ci;

--
-- Đang đổ dữ liệu cho bảng `cities`
--

INSERT INTO `cities` (`id`, `city_name`, `created_at`, `updated_at`) VALUES
(1, 'Thành phố Hà Nội', '2024-05-15 03:05:24', '2024-05-15 03:28:27'),
(2, 'Tỉnh Hà Giang', '2024-05-15 03:06:08', '2024-05-15 03:26:37'),
(3, 'Tỉnh Cao Bằng', '2024-05-15 03:06:15', '2024-05-15 03:28:10'),
(4, 'Tỉnh Bắc Kạn', '2024-05-15 03:25:32', '2024-05-15 03:25:32'),
(5, 'Tỉnh Tuyên Quang', '2024-05-15 03:31:11', '2024-05-15 03:31:11'),
(6, 'Tỉnh Lào Cai', '2024-05-15 03:32:14', '2024-05-15 03:32:14'),
(7, 'Tỉnh Điện Biên', '2024-05-15 03:32:53', '2024-05-15 03:32:53'),
(8, 'Tỉnh Lai Châu', '2024-05-15 03:33:16', '2024-05-15 03:33:16'),
(9, 'Tỉnh Sơn La', '2024-05-15 03:33:33', '2024-05-15 03:33:33'),
(10, 'Tỉnh Yên Bái', '2024-05-15 03:33:55', '2024-05-15 03:33:55'),
(11, 'Tỉnh Hoà Bình', '2024-05-15 03:38:28', '2024-05-15 03:38:28'),
(12, 'Tỉnh Thái Nguyên', '2024-05-15 03:38:36', '2024-05-15 03:38:36'),
(13, 'Tỉnh Lạng Sơn', '2024-05-15 03:38:43', '2024-05-15 03:38:43'),
(14, 'Tỉnh Quảng Ninh', '2024-05-15 03:38:48', '2024-05-15 03:38:48'),
(15, 'Tỉnh Bắc Giang', '2024-05-15 03:38:59', '2024-05-15 03:38:59'),
(16, 'Tỉnh Phú Thọ', '2024-05-15 03:39:06', '2024-05-15 03:39:06'),
(17, 'Tỉnh Vĩnh Phúc', '2024-05-15 03:39:13', '2024-05-15 03:39:13'),
(18, 'Tỉnh Bắc Ninh', '2024-05-15 03:43:27', '2024-05-15 03:43:27'),
(19, 'Tỉnh Hải Dương', '2024-05-15 03:43:34', '2024-05-15 03:43:34'),
(20, 'Thành phố Hải Phòng', '2024-05-15 03:43:39', '2024-05-15 03:43:39'),
(21, 'Tỉnh Hưng Yên', '2024-05-15 03:43:43', '2024-05-15 03:43:43'),
(22, 'Tỉnh Thái Bình', '2024-05-15 03:43:49', '2024-05-15 03:43:49'),
(23, 'Tỉnh Hà Nam', '2024-05-15 03:43:55', '2024-05-15 03:43:55'),
(24, 'Tỉnh Nam Định', '2024-05-15 03:44:00', '2024-05-15 03:44:00'),
(25, 'Tỉnh Ninh Bình', '2024-05-15 03:44:05', '2024-05-15 03:44:05'),
(26, 'Tỉnh Thanh Hóa', '2024-05-15 03:44:11', '2024-05-15 03:44:11'),
(27, 'Tỉnh Nghệ An', '2024-05-15 03:44:16', '2024-05-15 03:44:16'),
(28, 'Tỉnh Hà Tĩnh', '2024-05-15 03:44:21', '2024-05-15 03:44:21'),
(29, 'Tỉnh Quảng Bình', '2024-05-15 03:44:27', '2024-05-15 03:44:27'),
(30, 'Tỉnh Quảng Trị', '2024-05-15 03:44:33', '2024-05-15 03:44:33'),
(31, 'Tỉnh Thừa Thiên Huế', '2024-05-15 03:44:38', '2024-05-15 03:44:38'),
(32, 'Thành phố Đà Nẵng', '2024-05-15 03:44:43', '2024-05-15 03:44:43'),
(33, 'Tỉnh Quảng Nam', '2024-05-15 03:44:49', '2024-05-15 03:44:49'),
(34, 'Tỉnh Quảng Ngãi', '2024-05-15 03:44:54', '2024-05-15 03:44:54'),
(35, 'Tỉnh Bình Định', '2024-05-15 03:44:59', '2024-05-15 03:44:59'),
(36, 'Tỉnh Phú Yên', '2024-05-15 03:51:45', '2024-05-15 03:51:45'),
(37, 'Tỉnh Khánh Hòa', '2024-05-15 03:51:51', '2024-05-15 03:51:51'),
(38, 'Tỉnh Ninh Thuận', '2024-05-15 03:51:56', '2024-05-15 03:51:56'),
(39, 'Tỉnh Bình Thuận', '2024-05-15 03:52:01', '2024-05-15 03:52:01'),
(40, 'Tỉnh Kon Tum', '2024-05-15 03:52:06', '2024-05-15 03:52:06'),
(41, 'Tỉnh Gia Lai', '2024-05-15 03:52:15', '2024-05-15 03:52:15'),
(42, 'Tỉnh Đắk Lắk', '2024-05-15 03:52:20', '2024-05-15 03:52:20'),
(43, 'Tỉnh Đắk Nông', '2024-05-15 03:52:26', '2024-05-15 03:52:26'),
(44, 'Tỉnh Lâm Đồng', '2024-05-15 03:52:35', '2024-05-15 03:52:35'),
(45, 'Tỉnh Bình Phước', '2024-05-15 03:52:40', '2024-05-15 03:52:40'),
(46, 'Tỉnh Tây Ninh', '2024-05-15 03:52:46', '2024-05-15 03:52:46'),
(47, 'Tỉnh Bình Dương', '2024-05-15 03:52:52', '2024-05-15 03:52:52'),
(48, 'Tỉnh Đồng Nai', '2024-05-15 03:53:00', '2024-05-15 03:53:00'),
(49, 'Tỉnh Bà Rịa - Vũng Tàu', '2024-05-15 03:53:07', '2024-05-15 03:53:07'),
(50, 'Thành phố Hồ Chí Minh', '2024-05-15 03:53:12', '2024-05-15 03:53:12'),
(51, 'Tỉnh Long An', '2024-05-15 03:53:17', '2024-05-15 03:53:17'),
(52, 'Tỉnh Tiền Giang', '2024-05-15 03:53:22', '2024-05-15 03:53:22'),
(53, 'Tỉnh Trà Vinh', '2024-05-15 03:53:27', '2024-05-15 03:53:27'),
(54, 'Tỉnh Vĩnh Long', '2024-05-15 03:53:32', '2024-05-15 03:53:32'),
(55, 'Tỉnh Đồng Tháp', '2024-05-15 03:53:40', '2024-05-15 03:53:40'),
(56, 'Tỉnh An Giang', '2024-05-15 03:53:46', '2024-05-15 03:53:46'),
(57, 'Tỉnh Kiên Giang', '2024-05-15 03:53:53', '2024-05-15 03:53:53'),
(58, 'Thành phố Cần Thơ', '2024-05-15 03:53:59', '2024-05-15 03:53:59'),
(59, 'Tỉnh Hậu Giang', '2024-05-15 03:54:05', '2024-05-15 03:54:05'),
(60, 'Tỉnh Sóc Trăng', '2024-05-15 03:54:11', '2024-05-15 03:54:11'),
(61, 'Tỉnh Bạc Liêu', '2024-05-15 03:54:18', '2024-05-15 03:54:18'),
(62, 'Tỉnh Cà Mau', '2024-05-15 03:54:23', '2024-05-15 03:54:23'),
(63, 'Tỉnh Bến Tre', '2024-05-16 08:26:32', '2024-05-16 08:26:32');

-- --------------------------------------------------------

--
-- Cấu trúc bảng cho bảng `comments`
--

CREATE TABLE `comments` (
  `id` bigint(20) UNSIGNED NOT NULL,
  `content` longtext NOT NULL,
  `product_id` bigint(20) UNSIGNED NOT NULL,
  `user_id` bigint(20) UNSIGNED NOT NULL,
  `created_at` timestamp NULL DEFAULT NULL,
  `updated_at` timestamp NULL DEFAULT NULL
) ENGINE=InnoDB DEFAULT CHARSET=utf8mb4 COLLATE=utf8mb4_unicode_ci;

--
-- Đang đổ dữ liệu cho bảng `comments`
--

INSERT INTO `comments` (`id`, `content`, `product_id`, `user_id`, `created_at`, `updated_at`) VALUES
(1, 'Rất đẹp!', 4, 3, '2024-05-17 04:26:00', '2024-05-17 04:26:00'),
(3, 'Khá sang trọng', 1, 4, '2024-05-17 04:28:24', '2024-05-17 04:28:24'),
(4, 'Quá rẻ', 4, 4, '2024-05-17 06:35:44', '2024-05-17 06:35:44'),
(5, 'Đẹp', 1, 4, '2024-05-17 08:47:40', '2024-05-17 08:47:40');

-- --------------------------------------------------------

--
-- Cấu trúc bảng cho bảng `districts`
--

CREATE TABLE `districts` (
  `id` bigint(20) UNSIGNED NOT NULL,
  `district_name` varchar(255) NOT NULL,
  `city_id` bigint(20) UNSIGNED NOT NULL,
  `created_at` timestamp NULL DEFAULT NULL,
  `updated_at` timestamp NULL DEFAULT NULL
) ENGINE=InnoDB DEFAULT CHARSET=utf8mb4 COLLATE=utf8mb4_unicode_ci;

--
-- Đang đổ dữ liệu cho bảng `districts`
--

INSERT INTO `districts` (`id`, `district_name`, `city_id`, `created_at`, `updated_at`) VALUES
(3, 'Quận Ba Đình', 1, '2024-05-15 03:06:28', '2024-05-15 03:06:28'),
(4, 'Quận Hoàn Kiếm', 1, '2024-05-15 03:14:29', '2024-05-15 03:14:29'),
(7, 'Quận Tây Hồ', 1, '2024-05-15 13:43:31', '2024-05-15 13:43:31'),
(8, 'Quận Long Biên', 1, '2024-05-15 13:43:31', '2024-05-15 13:43:31'),
(9, 'Quận Cầu Giấy', 1, '2024-05-15 13:48:59', '2024-05-15 13:48:59'),
(10, 'Quận Đống Đa', 1, '2024-05-15 13:48:59', '2024-05-15 13:48:59'),
(11, 'Quận Hai Bà Trưng', 1, '2024-05-15 13:48:59', '2024-05-15 13:48:59'),
(12, 'Quận Hoàng Mai', 1, '2024-05-15 13:48:59', '2024-05-15 13:48:59'),
(13, 'Quận Thanh Xuân', 1, '2024-05-15 13:48:59', '2024-05-15 13:48:59'),
(14, 'Huyện Sóc Sơn', 1, '2024-05-15 13:48:59', '2024-05-15 13:48:59'),
(15, 'Huyện Đông Anh', 1, '2024-05-15 13:48:59', '2024-05-15 13:48:59'),
(16, 'Huyện Gia Lâm', 1, '2024-05-15 13:48:59', '2024-05-15 13:48:59'),
(17, 'Quận Nam Từ Liêm', 1, '2024-05-15 13:48:59', '2024-05-15 13:48:59'),
(18, 'Huyện Thanh Trì', 1, '2024-05-15 13:48:59', '2024-05-15 13:48:59'),
(19, 'Quận Bắc Từ Liêm', 1, '2024-05-15 13:48:59', '2024-05-15 13:48:59'),
(20, 'Huyện Mê Linh', 1, '2024-05-15 13:48:59', '2024-05-15 13:48:59'),
(21, 'Quận Hà Đông', 1, '2024-05-15 13:48:59', '2024-05-15 13:48:59'),
(22, 'Thị xã Sơn Tây', 1, '2024-05-15 13:48:59', '2024-05-15 13:48:59'),
(23, 'Huyện Ba Vì', 1, '2024-05-15 13:48:59', '2024-05-15 13:48:59'),
(24, 'Huyện Phúc Thọ', 1, '2024-05-15 13:48:59', '2024-05-15 13:48:59'),
(25, 'Huyện Đan Phượng', 1, '2024-05-15 13:48:59', '2024-05-15 13:48:59'),
(26, 'Huyện Hoài Đức', 1, '2024-05-15 13:48:59', '2024-05-15 13:48:59'),
(27, 'Huyện Quốc Oai', 1, '2024-05-15 13:48:59', '2024-05-15 13:48:59'),
(28, 'Huyện Thạch Thất', 1, '2024-05-15 13:48:59', '2024-05-15 13:48:59'),
(29, 'Huyện Chương Mỹ', 1, '2024-05-15 13:48:59', '2024-05-15 13:48:59'),
(30, 'Huyện Thanh Oai', 1, '2024-05-15 13:48:59', '2024-05-15 13:48:59'),
(31, 'Huyện Thường Tín', 1, '2024-05-15 13:48:59', '2024-05-15 13:48:59'),
(32, 'Huyện Phú Xuyên', 1, '2024-05-15 13:48:59', '2024-05-15 13:48:59'),
(33, 'Huyện Ứng Hòa', 1, '2024-05-15 13:48:59', '2024-05-15 13:48:59'),
(34, 'Huyện Mỹ Đức', 1, '2024-05-15 13:48:59', '2024-05-15 13:48:59'),
(35, 'Thành phố Hà Giang', 2, '2024-05-15 13:52:31', '2024-05-15 13:52:31'),
(36, 'Huyện Đồng Văn', 2, '2024-05-15 13:52:31', '2024-05-15 13:52:31'),
(37, 'Huyện Mèo Vạc', 2, '2024-05-15 13:52:31', '2024-05-15 13:52:31'),
(38, 'Huyện Yên Minh', 2, '2024-05-15 13:52:31', '2024-05-15 13:52:31'),
(39, 'Huyện Quản Bạ', 2, '2024-05-15 13:52:31', '2024-05-15 13:52:31'),
(40, 'Huyện Vị Xuyên', 2, '2024-05-15 13:52:31', '2024-05-15 13:52:31'),
(41, 'Huyện Hoàng Su Phì', 2, '2024-05-15 13:52:31', '2024-05-15 13:52:31'),
(42, 'Huyện Xín Mần', 2, '2024-05-15 13:52:31', '2024-05-15 13:52:31'),
(43, 'Huyện Quang Bình', 2, '2024-05-15 13:52:31', '2024-05-15 13:52:31'),
(44, 'Thành phố Cao Bằng', 3, '2024-05-15 13:54:46', '2024-05-15 13:54:46'),
(45, 'Huyện Bảo Lạc', 3, '2024-05-15 13:54:46', '2024-05-15 13:54:46'),
(46, 'Huyện Hà Quảng', 3, '2024-05-15 13:54:46', '2024-05-15 13:54:46'),
(47, 'Huyện Trùng Khánh', 3, '2024-05-15 13:54:46', '2024-05-15 13:54:46'),
(48, 'Huyện Hạ Lang', 3, '2024-05-15 13:54:46', '2024-05-15 13:54:46'),
(49, 'Huyện Quảng Hòa', 3, '2024-05-15 13:54:46', '2024-05-15 13:54:46'),
(50, 'Huyện Hoà An', 3, '2024-05-15 13:54:46', '2024-05-15 13:54:46'),
(51, 'Huyện Nguyên Bình', 3, '2024-05-15 13:54:46', '2024-05-15 13:54:46'),
(52, 'Huyện Thạch An', 3, '2024-05-15 13:54:46', '2024-05-15 13:54:46'),
(53, 'Thành Phố Bắc Kạn', 4, '2024-05-15 13:56:29', '2024-05-15 13:56:29'),
(54, 'Huyện Pác Nặm', 4, '2024-05-15 13:56:29', '2024-05-15 13:56:29'),
(55, 'Huyện Ba Bể', 4, '2024-05-15 13:56:29', '2024-05-15 13:56:29'),
(56, 'Huyện Ngân Sơn', 4, '2024-05-15 13:56:29', '2024-05-15 13:56:29'),
(57, 'Huyện Bạch Thông', 4, '2024-05-15 13:56:29', '2024-05-15 13:56:29'),
(58, 'Huyện Chợ Đồn', 4, '2024-05-15 13:56:29', '2024-05-15 13:56:29'),
(59, 'Huyện Chợ Mới', 4, '2024-05-15 13:56:29', '2024-05-15 13:56:29'),
(60, 'Huyện Na Rì', 4, '2024-05-15 13:56:29', '2024-05-15 13:56:29'),
(61, 'Thành phố Tuyên Quang', 5, '2024-05-15 13:58:10', '2024-05-15 13:58:10'),
(62, 'Huyện Lâm Bình', 5, '2024-05-15 13:58:10', '2024-05-15 13:58:10'),
(63, 'Huyện Na Hang', 5, '2024-05-15 13:58:10', '2024-05-15 13:58:10'),
(64, 'Huyện Chiêm Hóa', 5, '2024-05-15 13:58:10', '2024-05-15 13:58:10'),
(65, 'Huyện Hàm Yên', 5, '2024-05-15 13:58:10', '2024-05-15 13:58:10'),
(66, 'Huyện Yên Sơn', 5, '2024-05-15 13:58:10', '2024-05-15 13:58:10'),
(67, 'Huyện Sơn Dương', 5, '2024-05-15 13:58:10', '2024-05-15 13:58:10'),
(68, 'Thành phố Lào Cai', 6, '2024-05-15 14:00:11', '2024-05-15 14:00:11'),
(69, 'Huyện Bát Xát', 6, '2024-05-15 14:00:11', '2024-05-15 14:00:11'),
(70, 'Huyện Mường Khương', 6, '2024-05-15 14:00:11', '2024-05-15 14:00:11'),
(71, 'Huyện Si Ma Cai', 6, '2024-05-15 14:00:11', '2024-05-15 14:00:11'),
(72, 'Huyện Bắc Hà', 6, '2024-05-15 14:00:11', '2024-05-15 14:00:11'),
(73, 'Huyện Bảo Thắng', 6, '2024-05-15 14:00:11', '2024-05-15 14:00:11'),
(74, 'Huyện Bảo Yên', 6, '2024-05-15 14:00:11', '2024-05-15 14:00:11'),
(75, 'Thị xã Sa Pa', 6, '2024-05-15 14:00:11', '2024-05-15 14:00:11'),
(76, 'Huyện Văn Bàn', 6, '2024-05-15 14:00:11', '2024-05-15 14:00:11'),
(77, 'Thành phố Điện Biên Phủ', 7, '2024-05-15 14:02:02', '2024-05-15 14:02:02'),
(78, 'Huyện Mường Nhé', 7, '2024-05-15 14:02:02', '2024-05-15 14:02:02'),
(79, 'Huyện Mường Chà', 7, '2024-05-15 14:02:02', '2024-05-15 14:02:02'),
(80, 'Huyện Tủa Chùa', 7, '2024-05-15 14:02:02', '2024-05-15 14:02:02'),
(81, 'Huyện Tuần Giáo', 7, '2024-05-15 14:02:02', '2024-05-15 14:02:02'),
(82, 'Huyện Điện Biên Đông', 7, '2024-05-15 14:02:02', '2024-05-15 14:02:02'),
(83, 'Huyện Mường Ảng', 7, '2024-05-15 14:02:02', '2024-05-15 14:02:02'),
(84, 'Huyện Nậm Pồ', 7, '2024-05-15 14:02:02', '2024-05-15 14:02:02'),
(85, 'Thành phố Lai Châu', 8, '2024-05-15 14:04:17', '2024-05-15 14:04:17'),
(86, 'Huyện Tam Đường', 8, '2024-05-15 14:04:17', '2024-05-15 14:04:17'),
(87, 'Huyện Mường Tè', 8, '2024-05-15 14:04:17', '2024-05-15 14:04:17'),
(88, 'Huyện Sìn Hồ', 8, '2024-05-15 14:04:17', '2024-05-15 14:04:17'),
(89, 'Huyện Phong Thổ', 8, '2024-05-15 14:04:17', '2024-05-15 14:04:17'),
(90, 'Huyện Than Uyên', 8, '2024-05-15 14:04:17', '2024-05-15 14:04:17'),
(91, 'Huyện Tân Uyên', 8, '2024-05-15 14:04:17', '2024-05-15 14:04:17'),
(92, 'Huyện Nậm Nhùn', 8, '2024-05-15 14:04:17', '2024-05-15 14:04:17'),
(93, 'Thành phố Sơn La', 9, '2024-05-15 14:06:33', '2024-05-15 14:06:33'),
(94, 'Huyện Quỳnh Nhai', 9, '2024-05-15 14:06:33', '2024-05-15 14:06:33'),
(95, 'Huyện Thuận Châu', 9, '2024-05-15 14:06:33', '2024-05-15 14:06:33'),
(96, 'Huyện Mường La', 9, '2024-05-15 14:06:33', '2024-05-15 14:06:33'),
(97, 'Huyện Bắc Yên', 9, '2024-05-15 14:06:33', '2024-05-15 14:06:33'),
(98, 'Huyện Phù Yên', 9, '2024-05-15 14:06:33', '2024-05-15 14:06:33'),
(99, 'Huyện Mộc Châu', 9, '2024-05-15 14:06:33', '2024-05-15 14:06:33'),
(100, 'Huyện Yên Châu', 9, '2024-05-15 14:06:33', '2024-05-15 14:06:33'),
(101, 'Huyện Mai Sơn', 9, '2024-05-15 14:06:33', '2024-05-15 14:06:33'),
(102, 'Huyện Sông Mã', 9, '2024-05-15 14:06:33', '2024-05-15 14:06:33'),
(103, 'Huyện Sốp Cộp', 9, '2024-05-15 14:06:33', '2024-05-15 14:06:33'),
(104, 'Huyện Vân Hồ', 9, '2024-05-15 14:06:33', '2024-05-15 14:06:33'),
(105, 'Thành phố Yên Bái', 10, '2024-05-15 14:08:39', '2024-05-15 14:08:39'),
(106, 'Thị xã Nghĩa Lộ', 10, '2024-05-15 14:08:39', '2024-05-15 14:08:39'),
(107, 'Huyện Lục Yên', 10, '2024-05-15 14:08:39', '2024-05-15 14:08:39'),
(108, 'Huyện Mù Căng Chải', 10, '2024-05-15 14:08:39', '2024-05-15 14:08:39'),
(109, 'Huyện Trấn Yên', 10, '2024-05-15 14:08:39', '2024-05-15 14:08:39'),
(110, 'Huyện Trạm Tấu', 10, '2024-05-15 14:08:39', '2024-05-15 14:08:39'),
(111, 'Huyện Văn Chấn', 10, '2024-05-15 14:08:39', '2024-05-15 14:08:39'),
(112, 'Huyện Yên Bình', 10, '2024-05-15 14:08:39', '2024-05-15 14:08:39'),
(113, 'Thành phố Hòa Bình', 11, '2024-05-15 14:11:02', '2024-05-15 14:11:02'),
(114, 'Huyện Đà Bắc', 11, '2024-05-15 14:11:02', '2024-05-15 14:11:02'),
(115, 'Huyện Lương Sơn', 11, '2024-05-15 14:11:02', '2024-05-15 14:11:02'),
(116, 'Huyện Kim Bôi', 11, '2024-05-15 14:11:02', '2024-05-15 14:11:02'),
(117, 'Huyện Cao Phong', 11, '2024-05-15 14:11:02', '2024-05-15 14:11:02'),
(118, 'Huyện Tân Lạc', 11, '2024-05-15 14:11:02', '2024-05-15 14:11:02'),
(119, 'Huyện Mai Châu', 11, '2024-05-15 14:11:02', '2024-05-15 14:11:02'),
(120, 'Huyện Lạc Sơn', 11, '2024-05-15 14:11:02', '2024-05-15 14:11:02'),
(121, 'Huyện Yên Thủy', 11, '2024-05-15 14:11:02', '2024-05-15 14:11:02'),
(122, 'Huyện Lạc Thủy', 11, '2024-05-15 14:11:02', '2024-05-15 14:11:02'),
(123, 'Thành phố Thái Nguyên', 12, '2024-05-15 14:15:48', '2024-05-15 14:15:48'),
(124, 'Thành phố Sông Công', 12, '2024-05-15 14:15:48', '2024-05-15 14:15:48'),
(125, 'Huyện Định Hóa', 12, '2024-05-15 14:15:48', '2024-05-15 14:15:48'),
(126, 'Huyện Phú Lương', 12, '2024-05-15 14:15:48', '2024-05-15 14:15:48'),
(127, 'Huyện Đồng Hỷ', 12, '2024-05-15 14:15:48', '2024-05-15 14:15:48'),
(128, 'Huyện Võ Nhai', 12, '2024-05-15 14:15:48', '2024-05-15 14:15:48'),
(129, 'Huyện Đại Từ', 12, '2024-05-15 14:15:48', '2024-05-15 14:15:48'),
(130, 'Thị xã Phổ Yên', 12, '2024-05-15 14:15:48', '2024-05-15 14:15:48'),
(131, 'Huyện Phú Bình', 12, '2024-05-15 14:15:48', '2024-05-15 14:15:48'),
(132, 'Thành phố Lạng Sơn', 13, '2024-05-15 14:18:47', '2024-05-15 14:18:47'),
(133, 'Huyện Tràng Định', 13, '2024-05-15 14:18:47', '2024-05-15 14:18:47'),
(134, 'Huyện Bình Gia', 13, '2024-05-15 14:18:47', '2024-05-15 14:18:47'),
(135, 'Huyện Văn Lãng', 13, '2024-05-15 14:18:47', '2024-05-15 14:18:47'),
(136, 'Huyện Cao Lộc', 13, '2024-05-15 14:18:47', '2024-05-15 14:18:47'),
(137, 'Huyện Văn Quan', 13, '2024-05-15 14:18:47', '2024-05-15 14:18:47'),
(138, 'Huyện Bắc Sơn', 13, '2024-05-15 14:18:47', '2024-05-15 14:18:47'),
(139, 'Huyện Hữu Lũng', 13, '2024-05-15 14:18:47', '2024-05-15 14:18:47'),
(140, 'Huyện Chi Lăng', 13, '2024-05-15 14:18:47', '2024-05-15 14:18:47'),
(141, 'Huyện Lộc Bình', 13, '2024-05-15 14:18:47', '2024-05-15 14:18:47'),
(142, 'Huyện Đình Lập', 13, '2024-05-15 14:18:47', '2024-05-15 14:18:47'),
(143, 'Thành phố Hạ Long', 14, '2024-05-15 14:21:57', '2024-05-15 14:21:57'),
(144, 'Thành phố Móng Cái', 14, '2024-05-15 14:21:57', '2024-05-15 14:21:57'),
(145, 'Thành phố Cẩm Phả', 14, '2024-05-15 14:21:57', '2024-05-15 14:21:57'),
(146, 'Thành phố Uông Bí', 14, '2024-05-15 14:21:57', '2024-05-15 14:21:57'),
(147, 'Huyện Bình Liêu', 14, '2024-05-15 14:21:57', '2024-05-15 14:21:57'),
(148, 'Huyện Tiên Yên', 14, '2024-05-15 14:21:57', '2024-05-15 14:21:57'),
(149, 'Huyện Đầm Hà', 14, '2024-05-15 14:21:57', '2024-05-15 14:21:57'),
(150, 'Huyện Hải Hà', 14, '2024-05-15 14:21:57', '2024-05-15 14:21:57'),
(151, 'Huyện Ba Chẽ', 14, '2024-05-15 14:21:57', '2024-05-15 14:21:57'),
(152, 'Huyện Vân Đồn', 14, '2024-05-15 14:21:57', '2024-05-15 14:21:57'),
(153, 'Thị xã Đông Triều', 14, '2024-05-15 14:21:57', '2024-05-15 14:21:57'),
(154, 'Thị xã Quảng Yên', 14, '2024-05-15 14:21:57', '2024-05-15 14:21:57'),
(155, 'Huyện Cô Tô', 14, '2024-05-15 14:21:57', '2024-05-15 14:21:57'),
(156, 'Thành phố Bắc Giang', 15, '2024-05-16 10:08:24', '2024-05-16 10:08:24'),
(157, 'Huyện Yên Thế', 15, '2024-05-16 10:08:24', '2024-05-16 10:08:24'),
(158, 'Huyện Tân Yên', 15, '2024-05-16 10:08:24', '2024-05-16 10:08:24'),
(159, 'Huyện Lạng Giang', 15, '2024-05-16 10:08:24', '2024-05-16 10:08:24'),
(160, 'Huyện Lục Nam', 15, '2024-05-16 10:08:24', '2024-05-16 10:08:24'),
(161, 'Huyện Lục Ngạn', 15, '2024-05-16 10:08:24', '2024-05-16 10:08:24'),
(162, 'Huyện Sơn Động', 15, '2024-05-16 10:08:24', '2024-05-16 10:08:24'),
(163, 'Huyện Yên Dũng', 15, '2024-05-16 10:08:24', '2024-05-16 10:08:24'),
(164, 'Huyện Việt Yên', 15, '2024-05-16 10:08:24', '2024-05-16 10:08:24'),
(165, 'Huyện Hiệp Hòa', 15, '2024-05-16 10:08:24', '2024-05-16 10:08:24'),
(166, 'Thành phố Việt Trì', 16, '2024-05-16 10:11:06', '2024-05-16 10:11:06'),
(167, 'Thị xã Phú Thọ', 16, '2024-05-16 10:11:06', '2024-05-16 10:11:06'),
(168, 'Huyện Đoan Hùng', 16, '2024-05-16 10:11:06', '2024-05-16 10:11:06'),
(169, 'Huyện Hạ Hoà', 16, '2024-05-16 10:11:06', '2024-05-16 10:11:06'),
(170, 'Huyện Thanh Ba', 16, '2024-05-16 10:11:06', '2024-05-16 10:11:06'),
(171, 'Huyện Phù Ninh', 16, '2024-05-16 10:11:06', '2024-05-16 10:11:06'),
(172, 'Huyện Yên Lập', 16, '2024-05-16 10:11:06', '2024-05-16 10:11:06'),
(173, 'Huyện Cẩm Khê', 16, '2024-05-16 10:11:06', '2024-05-16 10:11:06'),
(174, 'Huyện Tam Nông', 16, '2024-05-16 10:11:06', '2024-05-16 10:11:06'),
(175, 'Huyện Lâm Thao', 16, '2024-05-16 10:11:06', '2024-05-16 10:11:06'),
(176, 'Huyện Thanh Sơn', 16, '2024-05-16 10:11:06', '2024-05-16 10:11:06'),
(177, 'Huyện Thanh Thuỷ', 16, '2024-05-16 10:11:06', '2024-05-16 10:11:06'),
(178, 'Huyện Tân Sơn', 16, '2024-05-16 10:11:06', '2024-05-16 10:11:06'),
(179, 'Thành phố Vĩnh Yên', 17, '2024-05-16 10:12:58', '2024-05-16 10:12:58'),
(180, 'Thành phố Phúc Yên', 17, '2024-05-16 10:12:58', '2024-05-16 10:12:58'),
(181, 'Huyện Lập Thạch', 17, '2024-05-16 10:12:58', '2024-05-16 10:12:58'),
(182, 'Huyện Tam Dương', 17, '2024-05-16 10:12:58', '2024-05-16 10:12:58'),
(183, 'Huyện Tam Đảo', 17, '2024-05-16 10:12:58', '2024-05-16 10:12:58'),
(184, 'Huyện Bình Xuyên', 17, '2024-05-16 10:12:58', '2024-05-16 10:12:58'),
(185, 'Huyện Yên Lạc', 17, '2024-05-16 10:12:58', '2024-05-16 10:12:58'),
(186, 'Huyện Vĩnh Tường', 17, '2024-05-16 10:12:58', '2024-05-16 10:12:58'),
(187, 'Huyện Sông Lô', 17, '2024-05-16 10:12:58', '2024-05-16 10:12:58'),
(188, 'Thành phố Bắc Ninh', 18, '2024-05-16 10:14:35', '2024-05-16 10:14:35'),
(189, 'Huyện Yên Phong', 18, '2024-05-16 10:14:35', '2024-05-16 10:14:35'),
(190, 'Huyện Quế Võ', 18, '2024-05-16 10:14:35', '2024-05-16 10:14:35'),
(191, 'Huyện Tiên Du', 18, '2024-05-16 10:14:35', '2024-05-16 10:14:35'),
(192, 'Thị xã Từ Sơn', 18, '2024-05-16 10:14:35', '2024-05-16 10:14:35'),
(193, 'Huyện Thuận Thành', 18, '2024-05-16 10:14:35', '2024-05-16 10:14:35'),
(194, 'Huyện Gia Bình', 18, '2024-05-16 10:14:35', '2024-05-16 10:14:35'),
(195, 'Huyện Lương Tài', 18, '2024-05-16 10:14:35', '2024-05-16 10:14:35'),
(196, 'Thành phố Hải Dương', 19, '2024-05-16 10:16:39', '2024-05-16 10:16:39'),
(197, 'Thành phố Chí Linh', 19, '2024-05-16 10:16:39', '2024-05-16 10:16:39'),
(198, 'Huyện Nam Sách', 19, '2024-05-16 10:16:39', '2024-05-16 10:16:39'),
(199, 'Thị xã Kinh Môn', 19, '2024-05-16 10:16:39', '2024-05-16 10:16:39'),
(200, 'Huyện Kim Thành', 19, '2024-05-16 10:16:39', '2024-05-16 10:16:39'),
(201, 'Huyện Thanh Hà', 19, '2024-05-16 10:16:39', '2024-05-16 10:16:39'),
(202, 'Huyện Cẩm Giàng', 19, '2024-05-16 10:16:39', '2024-05-16 10:16:39'),
(203, 'Huyện Bình Giang', 19, '2024-05-16 10:16:39', '2024-05-16 10:16:39'),
(204, 'Huyện Gia Lộc', 19, '2024-05-16 10:16:39', '2024-05-16 10:16:39'),
(205, 'Huyện Tứ Kỳ', 19, '2024-05-16 10:16:39', '2024-05-16 10:16:39'),
(206, 'Huyện Ninh Giang', 19, '2024-05-16 10:16:39', '2024-05-16 10:16:39'),
(207, 'Huyện Thanh Miện', 19, '2024-05-16 10:16:39', '2024-05-16 10:16:39'),
(208, 'Quận Hồng Bàng', 20, '2024-05-16 10:19:23', '2024-05-16 10:19:23'),
(209, 'Quận Ngô Quyền', 20, '2024-05-16 10:19:23', '2024-05-16 10:19:23'),
(210, 'Quận Lê Chân', 20, '2024-05-16 10:19:23', '2024-05-16 10:19:23'),
(211, 'Quận Hải An', 20, '2024-05-16 10:19:23', '2024-05-16 10:19:23'),
(212, 'Quận Kiến An', 20, '2024-05-16 10:19:23', '2024-05-16 10:19:23'),
(213, 'Quận Đồ Sơn', 20, '2024-05-16 10:19:23', '2024-05-16 10:19:23'),
(214, 'Quận Dương Kinh', 20, '2024-05-16 10:19:23', '2024-05-16 10:19:23'),
(215, 'Huyện Thuỷ Nguyên', 20, '2024-05-16 10:19:23', '2024-05-16 10:19:23'),
(216, 'Huyện An Dương', 20, '2024-05-16 10:19:23', '2024-05-16 10:19:23'),
(217, 'Huyện An Lão', 20, '2024-05-16 10:19:23', '2024-05-16 10:19:23'),
(218, 'Huyện Kiến Thuỵ', 20, '2024-05-16 10:19:23', '2024-05-16 10:19:23'),
(219, 'Huyện Tiên Lãng', 20, '2024-05-16 10:19:23', '2024-05-16 10:19:23'),
(220, 'Huyện Vĩnh Bảo', 20, '2024-05-16 10:19:23', '2024-05-16 10:19:23'),
(221, 'Huyện Cát Hải', 20, '2024-05-16 10:19:23', '2024-05-16 10:19:23'),
(222, 'Huyện Bạch Long Vĩ', 20, '2024-05-16 10:20:18', '2024-05-16 10:20:18'),
(223, 'Thành phố Hưng Yên', 21, '2024-05-16 10:22:14', '2024-05-16 10:22:14'),
(224, 'Huyện Văn Lâm', 21, '2024-05-16 10:22:14', '2024-05-16 10:22:14'),
(225, 'Huyện Văn Giang', 21, '2024-05-16 10:22:14', '2024-05-16 10:22:14'),
(226, 'Huyện Yên Mỹ', 21, '2024-05-16 10:22:14', '2024-05-16 10:22:14'),
(227, 'Thị xã Mỹ Hào', 21, '2024-05-16 10:22:14', '2024-05-16 10:22:14'),
(228, 'Huyện Ân Thi', 21, '2024-05-16 10:22:14', '2024-05-16 10:22:14'),
(229, 'Huyện Khoái Châu', 21, '2024-05-16 10:22:14', '2024-05-16 10:22:14'),
(230, 'Huyện Kim Động', 21, '2024-05-16 10:22:14', '2024-05-16 10:22:14'),
(231, 'Huyện Tiên Lữ', 21, '2024-05-16 10:22:14', '2024-05-16 10:22:14'),
(232, 'Huyện Phù Cừ', 21, '2024-05-16 10:22:14', '2024-05-16 10:22:14'),
(233, 'Thành phố Thái Bình', 22, '2024-05-16 10:24:07', '2024-05-16 10:24:07'),
(234, 'Huyện Quỳnh Phụ', 22, '2024-05-16 10:24:07', '2024-05-16 10:24:07'),
(235, 'Huyện Hưng Hà', 22, '2024-05-16 10:24:07', '2024-05-16 10:24:07'),
(236, 'Huyện Đông Hưng', 22, '2024-05-16 10:24:07', '2024-05-16 10:24:07'),
(237, 'Huyện Thái Thụy', 22, '2024-05-16 10:24:07', '2024-05-16 10:24:07'),
(238, 'Huyện Tiền Hải', 22, '2024-05-16 10:24:07', '2024-05-16 10:24:07'),
(239, 'Huyện Kiến Xương', 22, '2024-05-16 10:24:07', '2024-05-16 10:24:07'),
(240, 'Huyện Vũ Thư', 22, '2024-05-16 10:24:07', '2024-05-16 10:24:07'),
(241, 'Thành phố Phủ Lý', 23, '2024-05-16 10:25:21', '2024-05-16 10:25:21'),
(242, 'Thị xã Duy Tiên', 23, '2024-05-16 10:25:21', '2024-05-16 10:25:21'),
(243, 'Huyện Kim Bảng', 23, '2024-05-16 10:25:21', '2024-05-16 10:25:21'),
(244, 'Huyện Thanh Liêm', 23, '2024-05-16 10:25:21', '2024-05-16 10:25:21'),
(245, 'Huyện Bình Lục', 23, '2024-05-16 10:25:21', '2024-05-16 10:25:21'),
(246, 'Huyện Lý Nhân', 23, '2024-05-16 10:25:21', '2024-05-16 10:25:21'),
(247, 'Thành phố Nam Định', 24, '2024-05-16 10:27:37', '2024-05-16 10:27:37'),
(248, 'Huyện Mỹ Lộc', 24, '2024-05-16 10:27:37', '2024-05-16 10:27:37'),
(249, 'Huyện Vụ Bản', 24, '2024-05-16 10:27:37', '2024-05-16 10:27:37'),
(250, 'Huyện Ý Yên', 24, '2024-05-16 10:27:37', '2024-05-16 10:27:37'),
(251, 'Huyện Nghĩa Hưng', 24, '2024-05-16 10:27:37', '2024-05-16 10:27:37'),
(252, 'Huyện Nam Trực', 24, '2024-05-16 10:27:37', '2024-05-16 10:27:37'),
(253, 'Huyện Trực Ninh', 24, '2024-05-16 10:27:37', '2024-05-16 10:27:37'),
(254, 'Huyện Xuân Trường', 24, '2024-05-16 10:27:37', '2024-05-16 10:27:37'),
(255, 'Huyện Giao Thủy', 24, '2024-05-16 10:27:37', '2024-05-16 10:27:37'),
(256, 'Huyện Hải Hậu', 24, '2024-05-16 10:27:37', '2024-05-16 10:27:37'),
(257, 'Thành phố Ninh Bình', 25, '2024-05-16 11:26:33', '2024-05-16 11:26:33'),
(258, 'Thành phố Tam Điệp', 25, '2024-05-16 11:26:33', '2024-05-16 11:26:33'),
(259, 'Huyện Nho Quan', 25, '2024-05-16 11:26:33', '2024-05-16 11:26:33'),
(260, 'Huyện Gia Viễn', 25, '2024-05-16 11:26:33', '2024-05-16 11:26:33'),
(261, 'Huyện Hoa Lư', 25, '2024-05-16 11:26:33', '2024-05-16 11:26:33'),
(262, 'Huyện Yên Khánh', 25, '2024-05-16 11:26:33', '2024-05-16 11:26:33'),
(263, 'Huyện Kim Sơn', 25, '2024-05-16 11:26:33', '2024-05-16 11:26:33'),
(264, 'Huyện Yên Mô', 25, '2024-05-16 11:26:33', '2024-05-16 11:26:33'),
(265, 'Thành phố Thanh Hóa', 26, '2024-05-16 11:32:36', '2024-05-16 11:32:36'),
(266, 'Thị xã Bỉm Sơn', 26, '2024-05-16 11:32:36', '2024-05-16 11:32:36'),
(267, 'Thành phố Sầm Sơn', 26, '2024-05-16 11:32:36', '2024-05-16 11:32:36'),
(268, 'Huyện Mường Lát', 26, '2024-05-16 11:32:36', '2024-05-16 11:32:36'),
(269, 'Huyện Quan Hóa', 26, '2024-05-16 11:32:36', '2024-05-16 11:32:36'),
(270, 'Huyện Bá Thước', 26, '2024-05-16 11:32:36', '2024-05-16 11:32:36'),
(271, 'Huyện Quan Sơn', 26, '2024-05-16 11:32:36', '2024-05-16 11:32:36'),
(272, 'Huyện Lang Chánh', 26, '2024-05-16 11:32:36', '2024-05-16 11:32:36'),
(273, 'Huyện Ngọc Lặc', 26, '2024-05-16 11:32:36', '2024-05-16 11:32:36'),
(274, 'Huyện Cẩm Thủy', 26, '2024-05-16 11:32:36', '2024-05-16 11:32:36'),
(275, 'Huyện Thạch Thành', 26, '2024-05-16 11:32:36', '2024-05-16 11:32:36'),
(276, 'Huyện Hà Trung', 26, '2024-05-16 11:32:36', '2024-05-16 11:32:36'),
(277, 'Huyện Vĩnh Lộc', 26, '2024-05-16 11:32:36', '2024-05-16 11:32:36'),
(278, 'Huyện Yên Định', 26, '2024-05-16 11:32:36', '2024-05-16 11:32:36'),
(279, 'Huyện Thọ Xuân', 26, '2024-05-16 11:32:36', '2024-05-16 11:32:36'),
(280, 'Huyện Thường Xuân', 26, '2024-05-16 11:32:36', '2024-05-16 11:32:36'),
(281, 'Huyện Triệu Sơn', 26, '2024-05-16 11:32:36', '2024-05-16 11:32:36'),
(282, 'Huyện Thiệu Hóa', 26, '2024-05-16 11:32:36', '2024-05-16 11:32:36'),
(283, 'Huyện Hoằng Hóa', 26, '2024-05-16 11:32:36', '2024-05-16 11:32:36'),
(284, 'Huyện Hậu Lộc', 26, '2024-05-16 11:32:36', '2024-05-16 11:32:36'),
(285, 'Huyện Nga Sơn', 26, '2024-05-16 11:32:36', '2024-05-16 11:32:36'),
(286, 'Huyện Như Xuân', 26, '2024-05-16 11:32:36', '2024-05-16 11:32:36'),
(287, 'Huyện Như Thanh', 26, '2024-05-16 11:32:36', '2024-05-16 11:32:36'),
(288, 'Huyện Nông Cống', 26, '2024-05-16 11:32:36', '2024-05-16 11:32:36'),
(289, 'Huyện Đông Sơn', 26, '2024-05-16 11:32:36', '2024-05-16 11:32:36'),
(290, 'Huyện Quảng Xương', 26, '2024-05-16 11:32:36', '2024-05-16 11:32:36'),
(291, 'Thị xã Nghi Sơn', 26, '2024-05-16 11:32:36', '2024-05-16 11:32:36'),
(292, 'Thành phố Vinh', 27, '2024-05-16 11:48:23', '2024-05-16 11:48:23'),
(293, 'Thị xã Cửa Lò', 27, '2024-05-16 11:48:23', '2024-05-16 11:48:23'),
(294, 'Thị xã Thái Hoà', 27, '2024-05-16 11:48:23', '2024-05-16 11:48:23'),
(295, 'Huyện Quế Phong', 27, '2024-05-16 11:48:23', '2024-05-16 11:48:23'),
(296, 'Huyện Quỳ Châu', 27, '2024-05-16 11:48:23', '2024-05-16 11:48:23'),
(297, 'Huyện Kỳ Sơn', 27, '2024-05-16 11:48:23', '2024-05-16 11:48:23'),
(298, 'Huyện Tương Dương', 27, '2024-05-16 11:48:23', '2024-05-16 11:48:23'),
(299, 'Huyện Nghĩa Đàn', 27, '2024-05-16 11:48:23', '2024-05-16 11:48:23'),
(300, 'Huyện Quỳ Hợp', 27, '2024-05-16 11:48:23', '2024-05-16 11:48:23'),
(301, 'Huyện Quỳnh Lưu', 27, '2024-05-16 11:48:23', '2024-05-16 11:48:23'),
(302, 'Huyện Con Cuông', 27, '2024-05-16 11:48:23', '2024-05-16 11:48:23'),
(303, 'Huyện Tân Kỳ', 27, '2024-05-16 11:48:23', '2024-05-16 11:48:23'),
(304, 'Huyện Anh Sơn', 27, '2024-05-16 11:48:23', '2024-05-16 11:48:23'),
(305, 'Huyện Diễn Châu', 27, '2024-05-16 11:48:23', '2024-05-16 11:48:23'),
(306, 'Huyện Yên Thành', 27, '2024-05-16 11:48:23', '2024-05-16 11:48:23'),
(307, 'Huyện Đô Lương', 27, '2024-05-16 11:48:23', '2024-05-16 11:48:23'),
(308, 'Huyện Thanh Chương', 27, '2024-05-16 11:48:23', '2024-05-16 11:48:23'),
(309, 'Huyện Nghi Lộc', 27, '2024-05-16 11:48:23', '2024-05-16 11:48:23'),
(310, 'Huyện Nam Đàn', 27, '2024-05-16 11:48:23', '2024-05-16 11:48:23'),
(311, 'Huyện Hưng Nguyên', 27, '2024-05-16 11:48:23', '2024-05-16 11:48:23'),
(312, 'Thị xã Hoàng Mai', 27, '2024-05-16 11:48:23', '2024-05-16 11:48:23'),
(313, 'Thành phố Hà Tĩnh', 28, '2024-05-16 12:29:38', '2024-05-16 12:29:38'),
(314, 'Thị xã Hồng Lĩnh', 28, '2024-05-16 12:29:38', '2024-05-16 12:29:38'),
(315, 'Huyện Hương Sơn', 28, '2024-05-16 12:29:38', '2024-05-16 12:29:38'),
(316, 'Huyện Đức Thọ', 28, '2024-05-16 12:29:38', '2024-05-16 12:29:38'),
(317, 'Huyện Vũ Quang', 28, '2024-05-16 12:29:38', '2024-05-16 12:29:38'),
(318, 'Huyện Nghi Xuân', 28, '2024-05-16 12:29:38', '2024-05-16 12:29:38'),
(319, 'Huyện Can Lộc', 28, '2024-05-16 12:29:38', '2024-05-16 12:29:38'),
(320, 'Huyện Hương Khê', 28, '2024-05-16 12:29:38', '2024-05-16 12:29:38'),
(321, 'Huyện Thạch Hà', 28, '2024-05-16 12:29:38', '2024-05-16 12:29:38'),
(322, 'Huyện Cẩm Xuyên', 28, '2024-05-16 12:29:38', '2024-05-16 12:29:38'),
(323, 'Huyện Kỳ Anh', 28, '2024-05-16 12:29:38', '2024-05-16 12:29:38'),
(324, 'Huyện Lộc Hà', 28, '2024-05-16 12:29:38', '2024-05-16 12:29:38'),
(325, 'Thị xã Kỳ Anh', 28, '2024-05-16 12:29:38', '2024-05-16 12:29:38'),
(326, 'Thành Phố Đồng Hới', 29, '2024-05-16 12:33:56', '2024-05-16 12:33:56'),
(327, 'Huyện Minh Hóa', 29, '2024-05-16 12:33:56', '2024-05-16 12:33:56'),
(328, 'Huyện Tuyên Hóa', 29, '2024-05-16 12:33:56', '2024-05-16 12:33:56'),
(329, 'Huyện Quảng Trạch', 29, '2024-05-16 12:33:56', '2024-05-16 12:33:56'),
(330, 'Huyện Bố Trạch', 29, '2024-05-16 12:33:56', '2024-05-16 12:33:56'),
(331, 'Huyện Quảng Ninh', 29, '2024-05-16 12:33:56', '2024-05-16 12:33:56'),
(332, 'Huyện Lệ Thủy', 29, '2024-05-16 12:33:56', '2024-05-16 12:33:56'),
(333, 'Thị xã Ba Đồn', 29, '2024-05-16 12:33:56', '2024-05-16 12:33:56'),
(334, 'Thành phố Đông Hà', 30, '2024-05-16 12:36:01', '2024-05-16 12:36:01'),
(335, 'Thị xã Quảng Trị', 30, '2024-05-16 12:36:01', '2024-05-16 12:36:01'),
(336, 'Huyện Vĩnh Linh', 30, '2024-05-16 12:36:01', '2024-05-16 12:36:01'),
(337, 'Huyện Hướng Hóa', 30, '2024-05-16 12:36:01', '2024-05-16 12:36:01'),
(338, 'Huyện Gio Linh', 30, '2024-05-16 12:36:01', '2024-05-16 12:36:01'),
(339, 'Huyện Đa Krông', 30, '2024-05-16 12:36:01', '2024-05-16 12:36:01'),
(340, 'Huyện Cam Lộ', 30, '2024-05-16 12:36:01', '2024-05-16 12:36:01'),
(341, 'Huyện Triệu Phong', 30, '2024-05-16 12:36:01', '2024-05-16 12:36:01'),
(342, 'Huyện Hải Lăng', 30, '2024-05-16 12:36:01', '2024-05-16 12:36:01'),
(343, 'Huyện Cồn Cỏ', 30, '2024-05-16 12:36:01', '2024-05-16 12:36:01'),
(344, 'Thành phố Huế', 31, '2024-05-16 12:38:03', '2024-05-16 12:38:03'),
(345, 'Huyện Phong Điền', 31, '2024-05-16 12:38:03', '2024-05-16 12:38:03'),
(346, 'Huyện Quảng Điền', 31, '2024-05-16 12:38:03', '2024-05-16 12:38:03'),
(347, 'Huyện Phú Vang', 31, '2024-05-16 12:38:03', '2024-05-16 12:38:03'),
(348, 'Thị xã Hương Thủy', 31, '2024-05-16 12:38:03', '2024-05-16 12:38:03'),
(349, 'Thị xã Hương Trà', 31, '2024-05-16 12:38:03', '2024-05-16 12:38:03'),
(350, 'Huyện A Lưới', 31, '2024-05-16 12:38:03', '2024-05-16 12:38:03'),
(351, 'Huyện Phú Lộc', 31, '2024-05-16 12:38:03', '2024-05-16 12:38:03'),
(352, 'Huyện Nam Đông', 31, '2024-05-16 12:38:03', '2024-05-16 12:38:03'),
(353, 'Quận Liên Chiểu', 32, '2024-05-16 12:39:41', '2024-05-16 12:39:41'),
(354, 'Quận Thanh Khê', 32, '2024-05-16 12:39:41', '2024-05-16 12:39:41'),
(355, 'Quận Hải Châu', 32, '2024-05-16 12:39:41', '2024-05-16 12:39:41'),
(356, 'Quận Sơn Trà', 32, '2024-05-16 12:39:41', '2024-05-16 12:39:41'),
(357, 'Quận Ngũ Hành Sơn', 32, '2024-05-16 12:39:41', '2024-05-16 12:39:41'),
(358, 'Quận Cẩm Lệ', 32, '2024-05-16 12:39:41', '2024-05-16 12:39:41'),
(359, 'Huyện Hòa Vang', 32, '2024-05-16 12:39:41', '2024-05-16 12:39:41'),
(360, 'Huyện Hoàng Sa', 32, '2024-05-16 12:39:41', '2024-05-16 12:39:41'),
(361, 'Thành phố Tam Kỳ', 33, '2024-05-16 12:43:36', '2024-05-16 12:43:36'),
(362, 'Thành phố Hội An', 33, '2024-05-16 12:43:36', '2024-05-16 12:43:36'),
(363, 'Huyện Tây Giang', 33, '2024-05-16 12:43:36', '2024-05-16 12:43:36'),
(364, 'Huyện Đông Giang', 33, '2024-05-16 12:43:36', '2024-05-16 12:43:36'),
(365, 'Huyện Đại Lộc', 33, '2024-05-16 12:43:36', '2024-05-16 12:43:36'),
(366, 'Thị xã Điện Bàn', 33, '2024-05-16 12:43:36', '2024-05-16 12:43:36'),
(367, 'Huyện Duy Xuyên', 33, '2024-05-16 12:43:36', '2024-05-16 12:43:36'),
(368, 'Huyện Quế Sơn', 33, '2024-05-16 12:43:36', '2024-05-16 12:43:36'),
(369, 'Huyện Nam Giang', 33, '2024-05-16 12:43:36', '2024-05-16 12:43:36'),
(370, 'Huyện Phước Sơn', 33, '2024-05-16 12:43:36', '2024-05-16 12:43:36'),
(371, 'Huyện Hiệp Đức', 33, '2024-05-16 12:43:36', '2024-05-16 12:43:36'),
(372, 'Huyện Thăng Bình', 33, '2024-05-16 12:43:36', '2024-05-16 12:43:36'),
(373, 'Huyện Tiên Phước', 33, '2024-05-16 12:43:36', '2024-05-16 12:43:36'),
(374, 'Huyện Bắc Trà My', 33, '2024-05-16 12:43:36', '2024-05-16 12:43:36'),
(375, 'Huyện Nam Trà My', 33, '2024-05-16 12:43:36', '2024-05-16 12:43:36'),
(376, 'Huyện Núi Thành', 33, '2024-05-16 12:43:36', '2024-05-16 12:43:36'),
(377, 'Huyện Phú Ninh', 33, '2024-05-16 12:43:36', '2024-05-16 12:43:36'),
(378, 'Huyện Nông Sơn', 33, '2024-05-16 12:43:36', '2024-05-16 12:43:36'),
(379, 'Thành phố Quảng Ngãi', 34, '2024-05-16 12:46:19', '2024-05-16 12:46:19'),
(380, 'Huyện Bình Sơn', 34, '2024-05-16 12:46:19', '2024-05-16 12:46:19'),
(381, 'Huyện Trà Bồng', 34, '2024-05-16 12:46:19', '2024-05-16 12:46:19'),
(382, 'Huyện Sơn Tịnh', 34, '2024-05-16 12:46:19', '2024-05-16 12:46:19'),
(383, 'Huyện Tư Nghĩa', 34, '2024-05-16 12:46:19', '2024-05-16 12:46:19'),
(384, 'Huyện Sơn Hà', 34, '2024-05-16 12:46:19', '2024-05-16 12:46:19'),
(385, 'Huyện Sơn Tây', 34, '2024-05-16 12:46:19', '2024-05-16 12:46:19'),
(386, 'Huyện Minh Long', 34, '2024-05-16 12:46:19', '2024-05-16 12:46:19'),
(387, 'Huyện Nghĩa Hành', 34, '2024-05-16 12:46:19', '2024-05-16 12:46:19'),
(388, 'Huyện Mộ Đức', 34, '2024-05-16 12:46:19', '2024-05-16 12:46:19'),
(389, 'Thị xã Đức Phổ', 34, '2024-05-16 12:46:19', '2024-05-16 12:46:19'),
(390, 'Huyện Ba Tơ', 34, '2024-05-16 12:46:19', '2024-05-16 12:46:19'),
(391, 'Huyện Lý Sơn', 34, '2024-05-16 12:46:19', '2024-05-16 12:46:19'),
(392, 'Thành phố Quy Nhơn', 35, '2024-05-16 12:49:05', '2024-05-16 12:49:05'),
(393, 'Huyện An Lão', 35, '2024-05-16 12:49:05', '2024-05-16 12:49:05'),
(394, 'Thị xã Hoài Nhơn', 35, '2024-05-16 12:49:05', '2024-05-16 12:49:05'),
(395, 'Huyện Hoài Ân', 35, '2024-05-16 12:49:05', '2024-05-16 12:49:05'),
(396, 'Huyện Phù Mỹ', 35, '2024-05-16 12:49:05', '2024-05-16 12:49:05'),
(397, 'Huyện Vĩnh Thạnh', 35, '2024-05-16 12:49:05', '2024-05-16 12:49:05'),
(398, 'Huyện Tây Sơn', 35, '2024-05-16 12:49:05', '2024-05-16 12:49:05'),
(399, 'Huyện Phù Cát', 35, '2024-05-16 12:49:05', '2024-05-16 12:49:05'),
(400, 'Thị xã An Nhơn', 35, '2024-05-16 12:49:05', '2024-05-16 12:49:05'),
(401, 'Huyện Tuy Phước', 35, '2024-05-16 12:49:05', '2024-05-16 12:49:05'),
(402, 'Huyện Vân Canh', 35, '2024-05-16 12:49:05', '2024-05-16 12:49:05'),
(403, 'Thành phố Tuy Hoà', 36, '2024-05-16 12:52:08', '2024-05-16 12:52:08'),
(404, 'Thị xã Sông Cầu', 36, '2024-05-16 12:52:08', '2024-05-16 12:52:08'),
(405, 'Huyện Đồng Xuân', 36, '2024-05-16 12:52:08', '2024-05-16 12:52:08'),
(406, 'Huyện Tuy An', 36, '2024-05-16 12:52:08', '2024-05-16 12:52:08'),
(407, 'Huyện Sơn Hòa', 36, '2024-05-16 12:52:08', '2024-05-16 12:52:08'),
(408, 'Huyện Sông Hinh', 36, '2024-05-16 12:52:08', '2024-05-16 12:52:08'),
(409, 'Huyện Tây Hoà', 36, '2024-05-16 12:52:08', '2024-05-16 12:52:08'),
(410, 'Huyện Phú Hoà', 36, '2024-05-16 12:52:08', '2024-05-16 12:52:08'),
(411, 'Thị xã Đông Hòa', 36, '2024-05-16 12:52:08', '2024-05-16 12:52:08'),
(412, 'Thành phố Nha Trang', 37, '2024-05-16 12:54:57', '2024-05-16 12:54:57'),
(413, 'Thành phố Cam Ranh', 37, '2024-05-16 12:54:58', '2024-05-16 12:54:58'),
(414, 'Huyện Cam Lâm', 37, '2024-05-16 12:54:58', '2024-05-16 12:54:58'),
(415, 'Huyện Vạn Ninh', 37, '2024-05-16 12:54:58', '2024-05-16 12:54:58'),
(416, 'Thị xã Ninh Hòa', 37, '2024-05-16 12:54:58', '2024-05-16 12:54:58'),
(417, 'Huyện Khánh Vĩnh', 37, '2024-05-16 12:54:58', '2024-05-16 12:54:58'),
(418, 'Huyện Diên Khánh', 37, '2024-05-16 12:54:58', '2024-05-16 12:54:58'),
(419, 'Huyện Khánh Sơn', 37, '2024-05-16 12:54:58', '2024-05-16 12:54:58'),
(420, 'Huyện Trường Sa', 37, '2024-05-16 12:54:58', '2024-05-16 12:54:58'),
(421, 'Thành phố Phan Rang-Tháp Chàm', 38, '2024-05-16 12:59:22', '2024-05-16 12:59:22'),
(422, 'Huyện Bác Ái', 38, '2024-05-16 12:59:22', '2024-05-16 12:59:22'),
(423, 'Huyện Ninh Sơn', 38, '2024-05-16 12:59:22', '2024-05-16 12:59:22'),
(424, 'Huyện Ninh Hải', 38, '2024-05-16 12:59:22', '2024-05-16 12:59:22'),
(425, 'Huyện Ninh Phước', 38, '2024-05-16 12:59:22', '2024-05-16 12:59:22'),
(426, 'Huyện Thuận Bắc', 38, '2024-05-16 12:59:22', '2024-05-16 12:59:22'),
(427, 'Huyện Thuận Nam', 38, '2024-05-16 12:59:22', '2024-05-16 12:59:22'),
(428, 'Thành phố Phan Thiết', 39, '2024-05-16 13:01:13', '2024-05-16 13:01:13'),
(429, 'Thị xã La Gi', 39, '2024-05-16 13:01:13', '2024-05-16 13:01:13'),
(430, 'Huyện Tuy Phong', 39, '2024-05-16 13:01:13', '2024-05-16 13:01:13'),
(431, 'Huyện Bắc Bình', 39, '2024-05-16 13:01:13', '2024-05-16 13:01:13'),
(432, 'Huyện Hàm Thuận Bắc', 39, '2024-05-16 13:01:13', '2024-05-16 13:01:13'),
(433, 'Huyện Hàm Thuận Nam', 39, '2024-05-16 13:01:13', '2024-05-16 13:01:13'),
(434, 'Huyện Tánh Linh', 39, '2024-05-16 13:01:13', '2024-05-16 13:01:13'),
(435, 'Huyện Đức Linh', 39, '2024-05-16 13:01:13', '2024-05-16 13:01:13'),
(436, 'Huyện Hàm Tân', 39, '2024-05-16 13:01:13', '2024-05-16 13:01:13'),
(437, 'Huyện Phú Quí', 39, '2024-05-16 13:01:13', '2024-05-16 13:01:13'),
(438, 'Thành phố Kon Tum', 40, '2024-05-16 13:03:05', '2024-05-16 13:03:05'),
(439, 'Huyện Đắk Glei', 40, '2024-05-16 13:03:05', '2024-05-16 13:03:05'),
(440, 'Huyện Ngọc Hồi', 40, '2024-05-16 13:03:05', '2024-05-16 13:03:05'),
(441, 'Huyện Đắk Tô', 40, '2024-05-16 13:03:05', '2024-05-16 13:03:05'),
(442, 'Huyện Kon Plông', 40, '2024-05-16 13:03:05', '2024-05-16 13:03:05'),
(443, 'Huyện Kon Rẫy', 40, '2024-05-16 13:03:05', '2024-05-16 13:03:05'),
(444, 'Huyện Đắk Hà', 40, '2024-05-16 13:03:05', '2024-05-16 13:03:05'),
(445, 'Huyện Sa Thầy', 40, '2024-05-16 13:03:05', '2024-05-16 13:03:05'),
(446, 'Huyện Tu Mơ Rông', 40, '2024-05-16 13:03:05', '2024-05-16 13:03:05'),
(447, 'Huyện Ia H\' Drai', 40, '2024-05-16 13:03:05', '2024-05-16 13:03:05'),
(448, 'Thành phố Pleiku', 41, '2024-05-16 13:08:07', '2024-05-16 13:08:07'),
(449, 'Thị xã An Khê', 41, '2024-05-16 13:08:07', '2024-05-16 13:08:07'),
(450, 'Thị xã Ayun Pa', 41, '2024-05-16 13:08:07', '2024-05-16 13:08:07'),
(451, 'Huyện KBang', 41, '2024-05-16 13:08:07', '2024-05-16 13:08:07'),
(452, 'Huyện Đăk Đoa', 41, '2024-05-16 13:08:07', '2024-05-16 13:08:07'),
(453, 'Huyện Chư Păh', 41, '2024-05-16 13:08:07', '2024-05-16 13:08:07'),
(454, 'Huyện Ia Grai', 41, '2024-05-16 13:08:07', '2024-05-16 13:08:07'),
(455, 'Huyện Mang Yang', 41, '2024-05-16 13:08:07', '2024-05-16 13:08:07'),
(456, 'Huyện Kông Chro', 41, '2024-05-16 13:08:07', '2024-05-16 13:08:07'),
(457, 'Huyện Đức Cơ', 41, '2024-05-16 13:08:07', '2024-05-16 13:08:07'),
(458, 'Huyện Chư Prông', 41, '2024-05-16 13:08:07', '2024-05-16 13:08:07'),
(459, 'Huyện Chư Sê', 41, '2024-05-16 13:08:07', '2024-05-16 13:08:07'),
(460, 'Huyện Đăk Pơ', 41, '2024-05-16 13:08:07', '2024-05-16 13:08:07'),
(461, 'Huyện Ia Pa', 41, '2024-05-16 13:08:07', '2024-05-16 13:08:07'),
(462, 'Huyện Krông Pa', 41, '2024-05-16 13:08:07', '2024-05-16 13:08:07'),
(463, 'Huyện Phú Thiện', 41, '2024-05-16 13:08:07', '2024-05-16 13:08:07'),
(464, 'Huyện Chư Pưh', 41, '2024-05-16 13:08:07', '2024-05-16 13:08:07'),
(465, 'Thành phố Buôn Ma Thuột', 42, '2024-05-16 13:30:03', '2024-05-16 13:30:03'),
(466, 'Thị Xã Buôn Hồ', 42, '2024-05-16 13:30:03', '2024-05-16 13:30:03'),
(467, 'Huyện Ea H\'leo', 42, '2024-05-16 13:30:03', '2024-05-16 13:30:03'),
(468, 'Huyện Ea Súp', 42, '2024-05-16 13:30:03', '2024-05-16 13:30:03'),
(469, 'Huyện Buôn Đôn', 42, '2024-05-16 13:30:03', '2024-05-16 13:30:03'),
(470, 'Huyện Cư M\'gar', 42, '2024-05-16 13:30:03', '2024-05-16 13:30:03'),
(471, 'Huyện Krông Búk', 42, '2024-05-16 13:30:03', '2024-05-16 13:30:03'),
(472, 'Huyện Ea Kar', 42, '2024-05-16 13:30:03', '2024-05-16 13:30:03'),
(473, 'Huyện M\'Đrắk', 42, '2024-05-16 13:30:03', '2024-05-16 13:30:03'),
(474, 'Huyện Krông Bông', 42, '2024-05-16 13:30:03', '2024-05-16 13:30:03'),
(475, 'Huyện Krông Pắc', 42, '2024-05-16 13:30:03', '2024-05-16 13:30:03'),
(476, 'Huyện Krông A Na', 42, '2024-05-16 13:30:03', '2024-05-16 13:30:03'),
(477, 'Huyện Lắk', 42, '2024-05-16 13:30:03', '2024-05-16 13:30:03'),
(478, 'Huyện Cư Kuin', 42, '2024-05-16 13:30:03', '2024-05-16 13:30:03'),
(479, 'Thành phố Gia Nghĩa', 43, '2024-05-16 13:42:44', '2024-05-16 13:42:44'),
(480, 'Huyện Đăk Glong', 43, '2024-05-16 13:42:44', '2024-05-16 13:42:44'),
(481, 'Huyện Cư Jút', 43, '2024-05-16 13:42:44', '2024-05-16 13:42:44'),
(482, 'Huyện Đắk Mil', 43, '2024-05-16 13:42:44', '2024-05-16 13:42:44'),
(483, 'Huyện Krông Nô', 43, '2024-05-16 13:42:44', '2024-05-16 13:42:44'),
(484, 'Huyện Đắk Song', 43, '2024-05-16 13:42:44', '2024-05-16 13:42:44'),
(485, 'Huyện Đắk R\'Lấp', 43, '2024-05-16 13:42:44', '2024-05-16 13:42:44'),
(486, 'Huyện Tuy Đức', 43, '2024-05-16 13:42:44', '2024-05-16 13:42:44'),
(487, 'Thành phố Đà Lạt', 44, '2024-05-16 13:45:00', '2024-05-16 13:45:00'),
(488, 'Thành phố Bảo Lộc', 44, '2024-05-16 13:45:00', '2024-05-16 13:45:00'),
(489, 'Huyện Đam Rông', 44, '2024-05-16 13:45:00', '2024-05-16 13:45:00'),
(490, 'Huyện Lạc Dương', 44, '2024-05-16 13:45:00', '2024-05-16 13:45:00'),
(491, 'Huyện Lâm Hà', 44, '2024-05-16 13:45:00', '2024-05-16 13:45:00'),
(492, 'Huyện Đơn Dương', 44, '2024-05-16 13:45:00', '2024-05-16 13:45:00'),
(493, 'Huyện Đức Trọng', 44, '2024-05-16 13:45:00', '2024-05-16 13:45:00'),
(494, 'Huyện Di Linh', 44, '2024-05-16 13:45:00', '2024-05-16 13:45:00'),
(495, 'Huyện Bảo Lâm', 44, '2024-05-16 13:45:00', '2024-05-16 13:45:00'),
(496, 'Huyện Đạ Huoai', 44, '2024-05-16 13:45:00', '2024-05-16 13:45:00'),
(497, 'Huyện Đạ Tẻh', 44, '2024-05-16 13:45:00', '2024-05-16 13:45:00'),
(498, 'Huyện Cát Tiên', 44, '2024-05-16 13:45:00', '2024-05-16 13:45:00'),
(499, 'Thị xã Phước Long', 45, '2024-05-16 13:47:22', '2024-05-16 13:47:22'),
(500, 'Thành phố Đồng Xoài', 45, '2024-05-16 13:47:22', '2024-05-16 13:47:22'),
(501, 'Thị xã Bình Long', 45, '2024-05-16 13:47:22', '2024-05-16 13:47:22'),
(502, 'Huyện Bù Gia Mập', 45, '2024-05-16 13:47:22', '2024-05-16 13:47:22'),
(503, 'Huyện Lộc Ninh', 45, '2024-05-16 13:47:22', '2024-05-16 13:47:22'),
(504, 'Huyện Hớn Quản', 45, '2024-05-16 13:47:22', '2024-05-16 13:47:22'),
(505, 'Huyện Đồng Phú', 45, '2024-05-16 13:47:22', '2024-05-16 13:47:22'),
(506, 'Huyện Bù Đăng', 45, '2024-05-16 13:47:22', '2024-05-16 13:47:22'),
(507, 'Huyện Chơn Thành', 45, '2024-05-16 13:47:22', '2024-05-16 13:47:22'),
(508, 'Huyện Phú Riềng', 45, '2024-05-16 13:47:22', '2024-05-16 13:47:22'),
(509, 'Thành phố Tây Ninh', 46, '2024-05-16 13:49:20', '2024-05-16 13:49:20'),
(510, 'Huyện Tân Biên', 46, '2024-05-16 13:49:20', '2024-05-16 13:49:20'),
(511, 'Huyện Tân Châu', 46, '2024-05-16 13:49:20', '2024-05-16 13:49:20'),
(512, 'Huyện Dương Minh Châu', 46, '2024-05-16 13:49:20', '2024-05-16 13:49:20'),
(513, 'Huyện Châu Thành', 46, '2024-05-16 13:49:20', '2024-05-16 13:49:20'),
(514, 'Thị xã Hòa Thành', 46, '2024-05-16 13:49:20', '2024-05-16 13:49:20'),
(515, 'Huyện Gò Dầu', 46, '2024-05-16 13:49:20', '2024-05-16 13:49:20'),
(516, 'Huyện Bến Cầu', 46, '2024-05-16 13:49:20', '2024-05-16 13:49:20'),
(517, 'Thị xã Trảng Bàng', 46, '2024-05-16 13:49:20', '2024-05-16 13:49:20'),
(518, 'Thành phố Thủ Dầu Một', 47, '2024-05-16 13:51:15', '2024-05-16 13:51:15'),
(519, 'Huyện Bàu Bàng', 47, '2024-05-16 13:51:15', '2024-05-16 13:51:15'),
(520, 'Huyện Dầu Tiếng', 47, '2024-05-16 13:51:15', '2024-05-16 13:51:15'),
(521, 'Thị xã Bến Cát', 47, '2024-05-16 13:51:15', '2024-05-16 13:51:15'),
(522, 'Huyện Phú Giáo', 47, '2024-05-16 13:51:15', '2024-05-16 13:51:15'),
(523, 'Thị xã Tân Uyên', 47, '2024-05-16 13:51:15', '2024-05-16 13:51:15'),
(524, 'Thành phố Dĩ An', 47, '2024-05-16 13:51:15', '2024-05-16 13:51:15'),
(525, 'Thành phố Thuận An', 47, '2024-05-16 13:51:15', '2024-05-16 13:51:15'),
(526, 'Huyện Bắc Tân Uyên', 47, '2024-05-16 13:51:15', '2024-05-16 13:51:15'),
(527, 'Thành phố Biên Hòa', 48, '2024-05-16 13:53:36', '2024-05-16 13:53:36'),
(528, 'Thành phố Long Khánh', 48, '2024-05-16 13:53:36', '2024-05-16 13:53:36'),
(529, 'Huyện Tân Phú', 48, '2024-05-16 13:53:36', '2024-05-16 13:53:36'),
(530, 'Huyện Vĩnh Cửu', 48, '2024-05-16 13:53:36', '2024-05-16 13:53:36'),
(531, 'Huyện Định Quán', 48, '2024-05-16 13:53:36', '2024-05-16 13:53:36'),
(532, 'Huyện Trảng Bom', 48, '2024-05-16 13:53:36', '2024-05-16 13:53:36'),
(533, 'Huyện Thống Nhất', 48, '2024-05-16 13:53:36', '2024-05-16 13:53:36'),
(534, 'Huyện Cẩm Mỹ', 48, '2024-05-16 13:53:36', '2024-05-16 13:53:36'),
(535, 'Huyện Long Thành', 48, '2024-05-16 13:53:36', '2024-05-16 13:53:36'),
(536, 'Huyện Xuân Lộc', 48, '2024-05-16 13:53:36', '2024-05-16 13:53:36'),
(537, 'Huyện Nhơn Trạch', 48, '2024-05-16 13:53:36', '2024-05-16 13:53:36'),
(538, 'Thành phố Vũng Tàu', 49, '2024-05-16 13:55:18', '2024-05-16 13:55:18'),
(539, 'Thành phố Bà Rịa', 49, '2024-05-16 13:55:18', '2024-05-16 13:55:18'),
(540, 'Huyện Châu Đức', 49, '2024-05-16 13:55:18', '2024-05-16 13:55:18'),
(541, 'Huyện Xuyên Mộc', 49, '2024-05-16 13:55:18', '2024-05-16 13:55:18'),
(542, 'Huyện Long Điền', 49, '2024-05-16 13:55:18', '2024-05-16 13:55:18'),
(543, 'Huyện Đất Đỏ', 49, '2024-05-16 13:55:18', '2024-05-16 13:55:18'),
(544, 'Thị xã Phú Mỹ', 49, '2024-05-16 13:55:18', '2024-05-16 13:55:18'),
(545, 'Huyện Côn Đảo', 49, '2024-05-16 13:55:18', '2024-05-16 13:55:18'),
(546, 'Quận 1', 50, '2024-05-16 13:59:38', '2024-05-16 13:59:38'),
(547, 'Quận 12', 50, '2024-05-16 13:59:38', '2024-05-16 13:59:38'),
(548, 'Quận Thủ Đức', 50, '2024-05-16 13:59:38', '2024-05-16 13:59:38'),
(549, 'Quận 9', 50, '2024-05-16 13:59:38', '2024-05-16 13:59:38'),
(550, 'Quận Gò Vấp', 50, '2024-05-16 13:59:38', '2024-05-16 13:59:38'),
(551, 'Quận Bình Thạnh', 50, '2024-05-16 13:59:38', '2024-05-16 13:59:38'),
(552, 'Quận Tân Bình', 50, '2024-05-16 13:59:38', '2024-05-16 13:59:38'),
(553, 'Quận Tân Phú', 50, '2024-05-16 13:59:38', '2024-05-16 13:59:38'),
(554, 'Quận Phú Nhuận', 50, '2024-05-16 13:59:38', '2024-05-16 13:59:38'),
(555, 'Quận 2', 50, '2024-05-16 13:59:38', '2024-05-16 13:59:38'),
(556, 'Quận 3', 50, '2024-05-16 13:59:38', '2024-05-16 13:59:38'),
(557, 'Quận 10', 50, '2024-05-16 13:59:38', '2024-05-16 13:59:38'),
(558, 'Quận 11', 50, '2024-05-16 13:59:38', '2024-05-16 13:59:38'),
(559, 'Quận 4', 50, '2024-05-16 13:59:38', '2024-05-16 13:59:38'),
(560, 'Quận 5', 50, '2024-05-16 13:59:38', '2024-05-16 13:59:38'),
(561, 'Quận 6', 50, '2024-05-16 13:59:38', '2024-05-16 13:59:38'),
(562, 'Quận 8', 50, '2024-05-16 13:59:38', '2024-05-16 13:59:38'),
(563, 'Quận Bình Tân', 50, '2024-05-16 13:59:38', '2024-05-16 13:59:38'),
(564, 'Quận 7', 50, '2024-05-16 13:59:38', '2024-05-16 13:59:38'),
(565, 'Huyện Củ Chi', 50, '2024-05-16 13:59:38', '2024-05-16 13:59:38'),
(566, 'Huyện Hóc Môn', 50, '2024-05-16 13:59:38', '2024-05-16 13:59:38'),
(567, 'Huyện Bình Chánh', 50, '2024-05-16 13:59:38', '2024-05-16 13:59:38'),
(568, 'Huyện Nhà Bè', 50, '2024-05-16 13:59:38', '2024-05-16 13:59:38'),
(569, 'Huyện Cần Giờ', 50, '2024-05-16 13:59:38', '2024-05-16 13:59:38'),
(570, 'Thành phố Tân An', 51, '2024-05-16 14:02:29', '2024-05-16 14:02:29'),
(571, 'Thị xã Kiến Tường', 51, '2024-05-16 14:02:29', '2024-05-16 14:02:29'),
(572, 'Huyện Tân Hưng', 51, '2024-05-16 14:02:29', '2024-05-16 14:02:29'),
(573, 'Huyện Vĩnh Hưng', 51, '2024-05-16 14:02:29', '2024-05-16 14:02:29'),
(574, 'Huyện Mộc Hóa', 51, '2024-05-16 14:02:29', '2024-05-16 14:02:29'),
(575, 'Huyện Tân Thạnh', 51, '2024-05-16 14:02:29', '2024-05-16 14:02:29'),
(576, 'Huyện Thạnh Hóa', 51, '2024-05-16 14:02:29', '2024-05-16 14:02:29'),
(577, 'Huyện Đức Huệ', 51, '2024-05-16 14:02:29', '2024-05-16 14:02:29'),
(578, 'Huyện Đức Hòa', 51, '2024-05-16 14:02:29', '2024-05-16 14:02:29'),
(579, 'Huyện Bến Lức', 51, '2024-05-16 14:02:29', '2024-05-16 14:02:29'),
(580, 'Huyện Thủ Thừa', 51, '2024-05-16 14:02:29', '2024-05-16 14:02:29'),
(581, 'Huyện Tân Trụ', 51, '2024-05-16 14:02:29', '2024-05-16 14:02:29'),
(582, 'Huyện Cần Đước', 51, '2024-05-16 14:02:29', '2024-05-16 14:02:29'),
(583, 'Huyện Cần Giuộc', 51, '2024-05-16 14:02:29', '2024-05-16 14:02:29'),
(584, 'Huyện Châu Thành', 51, '2024-05-16 14:02:29', '2024-05-16 14:02:29'),
(585, 'Thành phố Mỹ Tho', 52, '2024-05-16 14:04:33', '2024-05-16 14:04:33'),
(586, 'Thị xã Gò Công', 52, '2024-05-16 14:04:33', '2024-05-16 14:04:33'),
(587, 'Thị xã Cai Lậy', 52, '2024-05-16 14:04:33', '2024-05-16 14:04:33'),
(588, 'Huyện Tân Phước', 52, '2024-05-16 14:04:33', '2024-05-16 14:04:33'),
(589, 'Huyện Cái Bè', 52, '2024-05-16 14:04:33', '2024-05-16 14:04:33'),
(590, 'Huyện Cai Lậy', 52, '2024-05-16 14:04:33', '2024-05-16 14:04:33'),
(591, 'Huyện Châu Thành', 52, '2024-05-16 14:04:33', '2024-05-16 14:04:33'),
(592, 'Huyện Chợ Gạo', 52, '2024-05-16 14:04:33', '2024-05-16 14:04:33'),
(593, 'Huyện Gò Công Tây', 52, '2024-05-16 14:04:33', '2024-05-16 14:04:33'),
(594, 'Huyện Gò Công Đông', 52, '2024-05-16 14:04:33', '2024-05-16 14:04:33'),
(595, 'Huyện Tân Phú Đông', 52, '2024-05-16 14:04:33', '2024-05-16 14:04:33'),
(596, 'Thành phố Bến Tre', 63, '2024-05-16 14:06:55', '2024-05-16 14:06:55'),
(597, 'Huyện Châu Thành', 63, '2024-05-16 14:06:55', '2024-05-16 14:06:55'),
(598, 'Huyện Chợ Lách', 63, '2024-05-16 14:06:55', '2024-05-16 14:06:55'),
(599, 'Huyện Mỏ Cày Nam', 63, '2024-05-16 14:06:55', '2024-05-16 14:06:55'),
(600, 'Huyện Giồng Trôm', 63, '2024-05-16 14:06:55', '2024-05-16 14:06:55'),
(601, 'Huyện Bình Đại', 63, '2024-05-16 14:06:55', '2024-05-16 14:06:55'),
(602, 'Huyện Ba Tri', 63, '2024-05-16 14:06:55', '2024-05-16 14:06:55'),
(603, 'Huyện Thạnh Phú', 63, '2024-05-16 14:06:55', '2024-05-16 14:06:55'),
(604, 'Huyện Mỏ Cày Bắc', 63, '2024-05-16 14:06:55', '2024-05-16 14:06:55'),
(605, 'Thành phố Trà Vinh', 53, '2024-05-16 14:08:54', '2024-05-16 14:08:54'),
(606, 'Huyện Càng Long', 53, '2024-05-16 14:08:54', '2024-05-16 14:08:54'),
(607, 'Huyện Cầu Kè', 53, '2024-05-16 14:08:54', '2024-05-16 14:08:54'),
(608, 'Huyện Tiểu Cần', 53, '2024-05-16 14:08:54', '2024-05-16 14:08:54'),
(609, 'Huyện Châu Thành', 53, '2024-05-16 14:08:54', '2024-05-16 14:08:54'),
(610, 'Huyện Cầu Ngang', 53, '2024-05-16 14:08:54', '2024-05-16 14:08:54'),
(611, 'Huyện Trà Cú', 53, '2024-05-16 14:08:54', '2024-05-16 14:08:54'),
(612, 'Huyện Duyên Hải', 53, '2024-05-16 14:08:54', '2024-05-16 14:08:54'),
(613, 'Thành phố Vĩnh Long', 54, '2024-05-16 15:53:10', '2024-05-16 15:53:10'),
(614, 'Huyện Long Hồ', 54, '2024-05-16 15:53:10', '2024-05-16 15:53:10'),
(615, 'Huyện Mang Thít', 54, '2024-05-16 15:53:10', '2024-05-16 15:53:10'),
(616, 'Huyện  Vũng Liêm', 54, '2024-05-16 15:53:10', '2024-05-16 15:53:10'),
(617, 'Huyện Tam Bình', 54, '2024-05-16 15:53:10', '2024-05-16 15:53:10'),
(618, 'Thị xã Bình Minh', 54, '2024-05-16 15:53:10', '2024-05-16 15:53:10'),
(619, 'Huyện Trà Ôn', 54, '2024-05-16 15:53:10', '2024-05-16 15:53:10'),
(620, 'Huyện Bình Tân', 54, '2024-05-16 15:53:10', '2024-05-16 15:53:10'),
(621, 'Thành phố Cao Lãnh', 55, '2024-05-16 15:55:32', '2024-05-16 15:55:32'),
(622, 'Thành phố Sa Đéc', 55, '2024-05-16 15:55:32', '2024-05-16 15:55:32'),
(623, 'Thành phố Hồng Ngự', 55, '2024-05-16 15:55:32', '2024-05-16 15:55:32'),
(624, 'Huyện Tân Hồng', 55, '2024-05-16 15:55:32', '2024-05-16 15:55:32'),
(625, 'Huyện Hồng Ngự', 55, '2024-05-16 15:55:32', '2024-05-16 15:55:32'),
(626, 'Huyện Tam Nông', 55, '2024-05-16 15:55:32', '2024-05-16 15:55:32'),
(627, 'Huyện Tháp Mười', 55, '2024-05-16 15:55:32', '2024-05-16 15:55:32'),
(628, 'Huyện Cao Lãnh', 55, '2024-05-16 15:55:32', '2024-05-16 15:55:32'),
(629, 'Huyện Thanh Bình', 55, '2024-05-16 15:55:32', '2024-05-16 15:55:32'),
(630, 'Huyện Lấp Vò', 55, '2024-05-16 15:55:32', '2024-05-16 15:55:32'),
(631, 'Huyện Lai Vung', 55, '2024-05-16 15:55:32', '2024-05-16 15:55:32'),
(632, 'Huyện Châu Thành', 55, '2024-05-16 15:55:32', '2024-05-16 15:55:32'),
(633, 'Thành phố Long Xuyên', 56, '2024-05-16 15:57:33', '2024-05-16 15:57:33'),
(634, 'Thành phố Châu Đốc', 56, '2024-05-16 15:57:33', '2024-05-16 15:57:33'),
(635, 'Huyện An Phú', 56, '2024-05-16 15:57:33', '2024-05-16 15:57:33'),
(636, 'Thị xã Tân Châu', 56, '2024-05-16 15:57:33', '2024-05-16 15:57:33'),
(637, 'Huyện Phú Tân', 56, '2024-05-16 15:57:33', '2024-05-16 15:57:33'),
(638, 'Huyện Châu Phú', 56, '2024-05-16 15:57:33', '2024-05-16 15:57:33'),
(639, 'Huyện Tịnh Biên', 56, '2024-05-16 15:57:33', '2024-05-16 15:57:33'),
(640, 'Huyện Tri Tôn', 56, '2024-05-16 15:57:33', '2024-05-16 15:57:33'),
(641, 'Huyện Châu Thành', 56, '2024-05-16 15:57:33', '2024-05-16 15:57:33'),
(642, 'Huyện Chợ Mới', 56, '2024-05-16 15:57:33', '2024-05-16 15:57:33'),
(643, 'Huyện Thoại Sơn', 56, '2024-05-16 15:57:33', '2024-05-16 15:57:33'),
(644, 'Thành phố Rạch Giá', 57, '2024-05-16 16:00:14', '2024-05-16 16:00:14'),
(645, 'Thành phố Hà Tiên', 57, '2024-05-16 16:00:14', '2024-05-16 16:00:14'),
(646, 'Huyện Kiên Lương', 57, '2024-05-16 16:00:14', '2024-05-16 16:00:14'),
(647, 'Huyện Hòn Đất', 57, '2024-05-16 16:00:14', '2024-05-16 16:00:14'),
(648, 'Huyện Tân Hiệp', 57, '2024-05-16 16:00:14', '2024-05-16 16:00:14'),
(649, 'Huyện Châu Thành', 57, '2024-05-16 16:00:14', '2024-05-16 16:00:14'),
(650, 'Huyện Giồng Riềng', 57, '2024-05-16 16:00:14', '2024-05-16 16:00:14'),
(651, 'Huyện Gò Quao', 57, '2024-05-16 16:00:14', '2024-05-16 16:00:14'),
(652, 'Huyện An Biên', 57, '2024-05-16 16:00:14', '2024-05-16 16:00:14'),
(653, 'Huyện An Minh', 57, '2024-05-16 16:00:14', '2024-05-16 16:00:14'),
(654, 'Huyện Vĩnh Thuận', 57, '2024-05-16 16:00:14', '2024-05-16 16:00:14'),
(655, 'Thành phố Phú Quốc', 57, '2024-05-16 16:00:14', '2024-05-16 16:00:14'),
(656, 'Huyện Kiên Hải', 57, '2024-05-16 16:00:14', '2024-05-16 16:00:14'),
(657, 'Huyện U Minh Thượng', 57, '2024-05-16 16:00:14', '2024-05-16 16:00:14'),
(658, 'Huyện Giang Thành', 57, '2024-05-16 16:00:14', '2024-05-16 16:00:14'),
(659, 'Quận Ninh Kiều', 58, '2024-05-16 16:02:03', '2024-05-16 16:02:03'),
(660, 'Quận Ô Môn', 58, '2024-05-16 16:02:03', '2024-05-16 16:02:03'),
(661, 'Quận Bình Thuỷ', 58, '2024-05-16 16:02:03', '2024-05-16 16:02:03'),
(662, 'Quận Cái Răng', 58, '2024-05-16 16:02:03', '2024-05-16 16:02:03'),
(663, 'Quận Thốt Nốt', 58, '2024-05-16 16:02:03', '2024-05-16 16:02:03'),
(664, 'Huyện Vĩnh Thạnh', 58, '2024-05-16 16:02:03', '2024-05-16 16:02:03'),
(665, 'Huyện Cờ Đỏ', 58, '2024-05-16 16:02:03', '2024-05-16 16:02:03'),
(666, 'Huyện Phong Điền', 58, '2024-05-16 16:02:03', '2024-05-16 16:02:03'),
(667, 'Huyện Thới Lai', 58, '2024-05-16 16:02:03', '2024-05-16 16:02:03'),
(668, 'Thành phố Vị Thanh', 59, '2024-05-16 16:03:46', '2024-05-16 16:03:46'),
(669, 'Thành phố Ngã Bảy', 59, '2024-05-16 16:03:46', '2024-05-16 16:03:46'),
(670, 'Huyện Châu Thành A', 59, '2024-05-16 16:03:46', '2024-05-16 16:03:46'),
(671, 'Huyện Châu Thành', 59, '2024-05-16 16:03:46', '2024-05-16 16:03:46'),
(672, 'Huyện Phụng Hiệp', 59, '2024-05-16 16:03:46', '2024-05-16 16:03:46'),
(673, 'Huyện Vị Thuỷ', 59, '2024-05-16 16:03:46', '2024-05-16 16:03:46'),
(674, 'Huyện Long Mỹ', 59, '2024-05-16 16:03:46', '2024-05-16 16:03:46'),
(675, 'Thành phố Sóc Trăng', 60, '2024-05-16 16:05:35', '2024-05-16 16:05:35'),
(676, 'Huyện Châu Thành', 60, '2024-05-16 16:05:35', '2024-05-16 16:05:35'),
(677, 'Huyện Kế Sách', 60, '2024-05-16 16:05:35', '2024-05-16 16:05:35'),
(678, 'Huyện Mỹ Tú', 60, '2024-05-16 16:05:35', '2024-05-16 16:05:35'),
(679, 'Huyện Cù Lao Dung', 60, '2024-05-16 16:05:35', '2024-05-16 16:05:35'),
(680, 'Huyện Long Phú', 60, '2024-05-16 16:05:35', '2024-05-16 16:05:35'),
(681, 'Huyện Mỹ Xuyên', 60, '2024-05-16 16:05:35', '2024-05-16 16:05:35'),
(682, 'Thị xã Ngã Năm', 60, '2024-05-16 16:05:35', '2024-05-16 16:05:35'),
(683, 'Huyện Thạnh Trị', 60, '2024-05-16 16:05:35', '2024-05-16 16:05:35'),
(684, 'Thị xã Vĩnh Châu', 60, '2024-05-16 16:05:35', '2024-05-16 16:05:35'),
(685, 'Huyện Trần Đề', 60, '2024-05-16 16:05:35', '2024-05-16 16:05:35'),
(686, 'Thành phố Bạc Liêu', 61, '2024-05-16 16:06:53', '2024-05-16 16:06:53');
INSERT INTO `districts` (`id`, `district_name`, `city_id`, `created_at`, `updated_at`) VALUES
(687, 'Huyện Hồng Dân', 61, '2024-05-16 16:06:53', '2024-05-16 16:06:53'),
(688, 'Huyện Phước Long', 61, '2024-05-16 16:06:53', '2024-05-16 16:06:53'),
(689, 'Huyện Vĩnh Lợi', 61, '2024-05-16 16:06:53', '2024-05-16 16:06:53'),
(690, 'Thị xã Giá Rai', 61, '2024-05-16 16:06:53', '2024-05-16 16:06:53'),
(691, 'Huyện Đông Hải', 61, '2024-05-16 16:06:53', '2024-05-16 16:06:53'),
(692, 'Huyện Hoà Bình', 61, '2024-05-16 16:06:53', '2024-05-16 16:06:53'),
(693, 'Thành phố Cà Mau', 62, '2024-05-16 16:08:53', '2024-05-16 16:08:53'),
(694, 'Huyện U Minh', 62, '2024-05-16 16:08:53', '2024-05-16 16:08:53'),
(695, 'Huyện Thới Bình', 62, '2024-05-16 16:08:53', '2024-05-16 16:08:53'),
(696, 'Huyện Trần Văn Thời', 62, '2024-05-16 16:08:53', '2024-05-16 16:08:53'),
(697, 'Huyện Cái Nước', 62, '2024-05-16 16:08:53', '2024-05-16 16:08:53'),
(698, 'Huyện Đầm Dơi', 62, '2024-05-16 16:08:53', '2024-05-16 16:08:53'),
(699, 'Huyện Năm Căn', 62, '2024-05-16 16:08:53', '2024-05-16 16:08:53'),
(700, 'Huyện Phú Tân', 62, '2024-05-16 16:08:53', '2024-05-16 16:08:53'),
(701, 'Huyện Ngọc Hiển', 62, '2024-05-16 16:08:53', '2024-05-16 16:08:53');

-- --------------------------------------------------------

--
-- Cấu trúc bảng cho bảng `failed_jobs`
--

CREATE TABLE `failed_jobs` (
  `id` bigint(20) UNSIGNED NOT NULL,
  `uuid` varchar(255) NOT NULL,
  `connection` text NOT NULL,
  `queue` text NOT NULL,
  `payload` longtext NOT NULL,
  `exception` longtext NOT NULL,
  `failed_at` timestamp NOT NULL DEFAULT current_timestamp()
) ENGINE=InnoDB DEFAULT CHARSET=utf8mb4 COLLATE=utf8mb4_unicode_ci;

-- --------------------------------------------------------

--
-- Cấu trúc bảng cho bảng `migrations`
--

CREATE TABLE `migrations` (
  `id` int(10) UNSIGNED NOT NULL,
  `migration` varchar(255) NOT NULL,
  `batch` int(11) NOT NULL
) ENGINE=InnoDB DEFAULT CHARSET=utf8mb4 COLLATE=utf8mb4_unicode_ci;

--
-- Đang đổ dữ liệu cho bảng `migrations`
--

INSERT INTO `migrations` (`id`, `migration`, `batch`) VALUES
(1, '2014_10_12_000000_create_users_table', 1),
(2, '2014_10_12_100000_create_password_reset_tokens_table', 1),
(3, '2019_08_19_000000_create_failed_jobs_table', 1),
(4, '2019_12_14_000001_create_personal_access_tokens_table', 1),
(5, '2024_05_05_092126_create_categories_table', 1),
(6, '2024_05_05_092304_create_brands_table', 1),
(7, '2024_05_05_092329_create_products_table', 1),
(8, '2024_05_05_092413_create_orders_table', 1),
(9, '2024_05_05_092445_create_order_items_table', 1),
(10, '2024_05_05_092506_create_addresses_table', 1),
(11, '2024_05_16_123709_create_cities_table', 2),
(12, '2024_05_16_123731_create_districts_table', 2),
(13, '2024_05_17_102321_create_comments_table', 3);

-- --------------------------------------------------------

--
-- Cấu trúc bảng cho bảng `orders`
--

CREATE TABLE `orders` (
  `id` bigint(20) UNSIGNED NOT NULL,
  `user_id` bigint(20) UNSIGNED NOT NULL,
  `grand_total` int(11) DEFAULT NULL,
  `payment_method` varchar(255) DEFAULT NULL,
  `payment_status` varchar(255) NOT NULL DEFAULT 'pending',
  `status` enum('new','processing','shipped','delivered','cancelled') NOT NULL DEFAULT 'new',
  `notes` text DEFAULT NULL,
  `created_at` timestamp NULL DEFAULT NULL,
  `updated_at` timestamp NULL DEFAULT NULL
) ENGINE=InnoDB DEFAULT CHARSET=utf8mb4 COLLATE=utf8mb4_unicode_ci;

--
-- Đang đổ dữ liệu cho bảng `orders`
--

INSERT INTO `orders` (`id`, `user_id`, `grand_total`, `payment_method`, `payment_status`, `status`, `notes`, `created_at`, `updated_at`) VALUES
(1, 2, 119400000, 'cod', 'paid', 'processing', 'Test Order!', '2024-05-07 06:30:41', '2024-05-18 15:50:20'),
(2, 2, 60500000, 'momo', 'pending', 'processing', 'Nothing', '2024-05-07 06:37:46', '2024-05-17 15:16:55'),
(11, 3, 210440000, 'momo', 'pending', 'new', NULL, '2024-05-17 16:46:10', '2024-05-17 16:46:10'),
(12, 3, 53840000, 'momo', 'paid', 'processing', 'Cẩn thận vào!', '2024-05-17 16:57:08', '2024-05-18 15:54:19');

-- --------------------------------------------------------

--
-- Cấu trúc bảng cho bảng `order_items`
--

CREATE TABLE `order_items` (
  `id` bigint(20) UNSIGNED NOT NULL,
  `order_id` bigint(20) UNSIGNED NOT NULL,
  `product_id` bigint(20) UNSIGNED NOT NULL,
  `quantity` int(11) NOT NULL DEFAULT 1,
  `unit_price` int(11) DEFAULT NULL,
  `total_price` int(11) DEFAULT NULL,
  `created_at` timestamp NULL DEFAULT NULL,
  `updated_at` timestamp NULL DEFAULT NULL
) ENGINE=InnoDB DEFAULT CHARSET=utf8mb4 COLLATE=utf8mb4_unicode_ci;

--
-- Đang đổ dữ liệu cho bảng `order_items`
--

INSERT INTO `order_items` (`id`, `order_id`, `product_id`, `quantity`, `unit_price`, `total_price`, `created_at`, `updated_at`) VALUES
(1, 1, 1, 1, 30000000, 30000000, '2024-05-07 06:30:41', '2024-05-07 06:45:24'),
(2, 1, 6, 2, 32200000, 64400000, '2024-05-07 06:30:41', '2024-05-07 06:45:24'),
(3, 1, 2, 1, 25000000, 25000000, '2024-05-07 06:33:26', '2024-05-07 06:45:24'),
(4, 2, 3, 1, 18500000, 18500000, '2024-05-07 06:37:46', '2024-05-07 06:37:46'),
(5, 2, 4, 2, 21000000, 42000000, '2024-05-07 06:37:46', '2024-05-07 06:37:46'),
(6, 11, 1, 4, 27950000, 111800000, '2024-05-17 16:46:10', '2024-05-17 16:46:10'),
(7, 11, 2, 1, 26550000, 26550000, '2024-05-17 16:46:10', '2024-05-17 16:46:10'),
(8, 11, 4, 2, 20550000, 41100000, '2024-05-17 16:46:10', '2024-05-17 16:46:10'),
(9, 11, 6, 1, 30990000, 30990000, '2024-05-17 16:46:10', '2024-05-17 16:46:10'),
(10, 12, 5, 1, 22850000, 22850000, '2024-05-17 16:57:08', '2024-05-17 16:57:08'),
(11, 12, 6, 1, 30990000, 30990000, '2024-05-17 16:57:08', '2024-05-17 16:57:08');

-- --------------------------------------------------------

--
-- Cấu trúc bảng cho bảng `password_reset_tokens`
--

CREATE TABLE `password_reset_tokens` (
  `email` varchar(255) NOT NULL,
  `token` varchar(255) NOT NULL,
  `created_at` timestamp NULL DEFAULT NULL
) ENGINE=InnoDB DEFAULT CHARSET=utf8mb4 COLLATE=utf8mb4_unicode_ci;

--
-- Đang đổ dữ liệu cho bảng `password_reset_tokens`
--

INSERT INTO `password_reset_tokens` (`email`, `token`, `created_at`) VALUES
('admin@gmail.com', '$2y$12$1qlbMpCsLxQ5jLDUerYrUuEG/HGqpkTmwI5S76QYOuE6SDI0K8ZhS', '2024-05-14 04:06:43'),
('sangokyes@gmail.com', '$2y$12$kHd.RIEvNw2nL9wnb7pPwuL7ZMp7y9137Bd9.scgsg.g9QuKomMfS', '2024-05-14 03:15:39');

-- --------------------------------------------------------

--
-- Cấu trúc bảng cho bảng `personal_access_tokens`
--

CREATE TABLE `personal_access_tokens` (
  `id` bigint(20) UNSIGNED NOT NULL,
  `tokenable_type` varchar(255) NOT NULL,
  `tokenable_id` bigint(20) UNSIGNED NOT NULL,
  `name` varchar(255) NOT NULL,
  `token` varchar(64) NOT NULL,
  `abilities` text DEFAULT NULL,
  `last_used_at` timestamp NULL DEFAULT NULL,
  `expires_at` timestamp NULL DEFAULT NULL,
  `created_at` timestamp NULL DEFAULT NULL,
  `updated_at` timestamp NULL DEFAULT NULL
) ENGINE=InnoDB DEFAULT CHARSET=utf8mb4 COLLATE=utf8mb4_unicode_ci;

-- --------------------------------------------------------

--
-- Cấu trúc bảng cho bảng `products`
--

CREATE TABLE `products` (
  `id` bigint(20) UNSIGNED NOT NULL,
  `name` varchar(255) NOT NULL,
  `slug` varchar(255) NOT NULL,
  `images` longtext CHARACTER SET utf8mb4 COLLATE utf8mb4_bin DEFAULT NULL CHECK (json_valid(`images`)),
  `price` int(11) NOT NULL,
  `sale_price` int(11) DEFAULT NULL,
  `description` longtext DEFAULT NULL,
  `category_id` bigint(20) UNSIGNED NOT NULL,
  `brand_id` bigint(20) UNSIGNED NOT NULL,
  `is_active` tinyint(1) NOT NULL DEFAULT 1,
  `is_featured` tinyint(1) NOT NULL DEFAULT 0,
  `in_stock` tinyint(1) NOT NULL DEFAULT 1,
  `on_sale` tinyint(1) NOT NULL DEFAULT 0,
  `created_at` timestamp NULL DEFAULT NULL,
  `updated_at` timestamp NULL DEFAULT NULL
) ENGINE=InnoDB DEFAULT CHARSET=utf8mb4 COLLATE=utf8mb4_unicode_ci;

--
-- Đang đổ dữ liệu cho bảng `products`
--

INSERT INTO `products` (`id`, `name`, `slug`, `images`, `price`, `sale_price`, `description`, `category_id`, `brand_id`, `is_active`, `is_featured`, `in_stock`, `on_sale`, `created_at`, `updated_at`) VALUES
(1, 'Iphone 15 Pro Max', 'iphone-15-pro-max', '[\"products\\/01HX7EBNVVGYEDQRZN2C3YN1YN.webp\",\"products\\/01HX7EBNVRGM4DBZN7MW5NVY1Q.webp\",\"products\\/01HX7EBNVN13MM232FETCM8SAR.webp\",\"products\\/01HX7EBNTTJFNQ14SN9PTQ13FM.webp\"]', 29590000, 27950000, 'Iphone 15 Pro Max!', 2, 1, 1, 1, 1, 1, '2024-05-06 10:13:56', '2024-05-10 15:55:10'),
(2, 'Iphone 14 Pro Max', 'iphone-14-pro-max', '[\"products\\/01HX7GMD5NSFJT094MYX2E6MF6.webp\",\"products\\/01HX7GMD65QX8D7HPWVZEJ2DRK.webp\",\"products\\/01HX7GMD67ZX5W3SM5VT48QX8E.webp\",\"products\\/01HX7GMD6333JQ09JD9291QCYB.webp\"]', 27390000, 26550000, 'IPhone 14 Pro Max một siêu phẩm trong giới smartphone được nhà Táo tung ra thị trường vào tháng 09/2022. Máy trang bị con chip Apple A16 Bionic vô cùng mạnh mẽ, đi kèm theo đó là thiết kế màn hình mới, hứa hẹn mang lại những trải nghiệm đầy mới mẻ cho người dùng iPhone.', 2, 1, 1, 0, 1, 1, '2024-05-06 10:53:40', '2024-05-10 15:55:40'),
(3, 'OPPO Reno11', 'oppo-reno11', '[\"products\\/01HXF6PD4Y97V18DS3WBA133E1.jpg\",\"products\\/01HXF6PD5Q0ADFNK51HG8ZPRN4.jpg\",\"products\\/01HXF6PD5V66DTZ58089RG97HV.jpg\",\"products\\/01HXF6PD5Z1GN6RF7DY0PQH1C2.jpg\"]', 10990000, 10550000, 'OPPO Reno11!', 2, 3, 1, 0, 1, 1, '2024-05-06 11:03:56', '2024-05-10 09:57:14'),
(4, 'Samsung Galaxy S23 Ultra', 'samsung-galaxy-s23-ultra', '[\"products\\/01HX95DXQ3ZH2GWEH0JDDGQWS7.jpg\",\"products\\/01HX95DXQMZ9P488XR99XRQTRY.jpg\",\"products\\/01HX95DXQN7XX80CCCWF0CQQMT.jpg\",\"products\\/01HX95DXQPJPWEMTT5DB4Z2GN1.jpg\"]', 21990000, 20550000, 'Samsung Galaxy S23 Ultra 5G là chiếc smartphone cao cấp nhất của nhà Samsung, sở hữu cấu hình không tưởng với con chip khủng được Qualcomm tối ưu riêng cho dòng Galaxy và camera lên đến 200 MP, xứng danh là chiếc flagship Android được mong đợi nhất trong năm 2023.', 2, 2, 1, 1, 1, 1, '2024-05-07 02:16:22', '2024-05-10 15:16:47'),
(5, 'Samsung Galaxy S24 Ultra', 'samsung-galaxy-s24-ultra', '[\"products\\/01HX95HKJEGBSS2XKJ16PXAQ0R.jpg\",\"products\\/01HX95HKJG50SDNKAPEEWBH672.jpg\",\"products\\/01HX95HKJJ40428HZGSEG13Q2Y.jpg\",\"products\\/01HX95HKJK2KF6JFC2YY5MHG87.jpg\"]', 23990000, 22850000, 'Trong sự kiện Unpacked 2024 diễn ra vào ngày 18/01, Samsung đã chính thức ra mắt chiếc điện thoại Samsung Galaxy S24 5G. Sản phẩm này mang đến nhiều cải tiến độc đáo, bao gồm việc sử dụng chip mới của Samsung, tích hợp nhiều tính năng thông minh sử dụng trí tuệ nhân tạo và cải thiện đáng kể hiệu suất chụp ảnh từ hệ thống camera', 2, 2, 1, 1, 1, 1, '2024-05-07 02:18:22', '2024-05-10 15:19:21'),
(6, 'Laptop Apple MacBook Air 15', 'laptop-apple-macbook-air-15', '[\"products\\/01HX95PV2WBR1GG1N3X5KERGR4.jpg\",\"products\\/01HX95PV2Y612RNDSXZERTBQTP.jpg\",\"products\\/01HX95PV30KSBHX9KYEMDG5CZG.jpg\",\"products\\/01HX95PV31D32FR4VVQXH9MZRY.jpg\"]', 32200000, 30990000, 'Laptop Apple MacBook Air 15!', 1, 1, 1, 0, 1, 1, '2024-05-07 02:21:14', '2024-05-10 15:19:49'),
(7, 'Laptop Apple MacBook Pro 14', 'laptop-apple-macbook-pro-14', '[\"products\\/01HX95V1618VT22ZNMDB9ASA8X.jpg\",\"products\\/01HX95V163MEAVS3H8HJZFRRZN.jpg\",\"products\\/01HX95V164FXS7PCZBJ9ZWXCVM.jpg\",\"products\\/01HX95V165Q493MCMZYMYE7NQ1.jpg\"]', 38500000, 36750000, 'Laptop Apple MacBook Pro 14!', 1, 1, 1, 0, 1, 1, '2024-05-07 02:23:31', '2024-05-10 15:20:53'),
(8, 'Apple Watch SE 2023', 'apple-watch-se-2023', '[\"products\\/01HXF4G2CY551ZXDM5J8S353D1.jpg\",\"products\\/01HXF4G2DQGF6T3M3HDGA81XFF.jpg\",\"products\\/01HXF4G2DVNG746P7PR54P1DF2.jpg\"]', 6290000, NULL, '**Apple Watch SE 2023 GPS 40mm** viền nhôm dây thể thao là chiếc smartwatch có mức giá dễ tiếp cận nhất nhà Táo, là lựa chọn tối ưu ngân sách cho người dùng nhưng vẫn đảm bảo một thiết kế đẹp mắt, hỗ trợ đa dạng tính năng cũng như tiện ích hằng ngày.', 3, 1, 1, 0, 1, 0, '2024-05-09 16:55:30', '2024-05-09 16:55:30'),
(9, 'Đồng hồ Samsung Galaxy Fit3', 'dong-ho-samsung-galaxy-fit3', '[\"products\\/01HXF4TDJXPHMN20SA5CJAXAWN.jpg\",\"products\\/01HXF4TDJSFRKQQ84P4QRDZXP6.jpg\",\"products\\/01HXF4TDK0RJA7HAVF0CR9QNM7.jpg\",\"products\\/01HXF4TDK3Z7ZQGAC5RWGACSCC.jpg\"]', 1190000, NULL, 'Sau 3 năm chờ đợi, người hâm mộ Samsung đã có thể chào đón phiên bản kế nhiệm của smartband Galaxy Fit2 mang tên Samsung Galaxy Fit3. Chiếc vòng tay thông minh này hứa hẹn mang đến trải nghiệm ấn tượng với thiết kế thời trang, nhiều tính năng theo dõi sức khỏe và luyện tập thể thao tiên tiến, cùng thời lượng pin đáp ứng nhu cầu sử dụng cơ bản.', 3, 2, 1, 0, 1, 0, '2024-05-09 17:01:09', '2024-05-10 15:56:48'),
(10, 'Đồng hồ Mi Band 8 Pro', 'dong-ho-mi-band-8-pro', '[\"products\\/01HXF517EBDFV10YCVFVT6AMY4.jpg\",\"products\\/01HXF517E6VH2WNHHTBMTSCFFR.jpg\",\"products\\/01HXF517EDGXHHG4GE1H04KXPG.jpg\",\"products\\/01HXF517EGWBWN809VF85YGA6Q.jpg\"]', 1590000, NULL, 'Mi Band 8 Pro là thế hệ smartband tiếp theo được nhà Xiaomi cho ra mắt. Với nhiều cải tiến về thiết kế, màn hình lớn mở rộng không gian hiển thị, khả năng định vị độc lập, hỗ trợ hơn 150 chế độ thể thao,... đây sẽ là phiên bản đáng sở hữu, nâng cấp cho người dùng.', 3, 4, 1, 0, 1, 0, '2024-05-09 17:04:52', '2024-05-10 15:57:09'),
(11, 'Tivi Samsung 4K 65 inch UA65', 'tivi-samsung-4k-65-inch-ua65', '[\"products\\/01HXF57JSE7S4F4SJQEMKX0EV0.jpg\",\"products\\/01HXF57JSH6WG6N73GC29XJBD8.jpg\",\"products\\/01HXF57JSMCCQ8YEW4AXQ3KYZ3.jpg\",\"products\\/01HXF57JSP4WAVJR8B8NF5R075.jpg\"]', 10990000, NULL, 'Smart Tivi Samsung 4K 65 inch UA65AU7002 mang đến trải nghiệm xem ấn tượng với màn hình 65 inch, tái tạo hình ảnh 4K chân thực cùng độ phân giải 4K, bộ xử lý Crystal 4K, màu sắc rực rỡ với công nghệ PurColor, âm thanh mạnh mẽ, sống động với công nghệ Q-Symphony, Adaptive Sound, hệ điều hành Tizen™ với kho ứng dụng phong phú, dễ sử dụng.', 4, 2, 1, 0, 1, 0, '2024-05-09 17:08:20', '2024-05-09 17:08:20'),
(12, 'test', 'test', '[\"products\\/01HYXCDS3X1X2334HX8X6KJDNH.png\",\"products\\/01HYXCDS41CNWNC4WS9DXM15PY.png\"]', 3000000, 500000, 'mo ta', 3, 1, 1, 0, 1, 1, '2024-05-27 15:59:07', '2024-05-27 15:59:07');

-- --------------------------------------------------------

--
-- Cấu trúc bảng cho bảng `users`
--

CREATE TABLE `users` (
  `id` bigint(20) UNSIGNED NOT NULL,
  `name` varchar(255) NOT NULL,
  `email` varchar(255) NOT NULL,
  `email_verified_at` timestamp NULL DEFAULT NULL,
  `password` varchar(255) NOT NULL,
  `remember_token` varchar(100) DEFAULT NULL,
  `is_admin` tinyint(1) NOT NULL DEFAULT 0,
  `created_at` timestamp NULL DEFAULT NULL,
  `updated_at` timestamp NULL DEFAULT NULL
) ENGINE=InnoDB DEFAULT CHARSET=utf8mb4 COLLATE=utf8mb4_unicode_ci;

--
-- Đang đổ dữ liệu cho bảng `users`
--

INSERT INTO `users` (`id`, `name`, `email`, `email_verified_at`, `password`, `remember_token`, `is_admin`, `created_at`, `updated_at`) VALUES
(1, 'Admin', 'admin@gmail.com', NULL, '$2y$12$CQ/nRruPsFHgIRNMB5Yrf.EYPeipXUZymkgGqsHl1kQM7Cmt0iob2', 'ecdOCRrGfCb8Dv8NBYUHYBwSwJMYgS0ZgHLvfC29D3dyMIrIDskScyrhAum8', 1, '2024-05-05 07:35:08', '2024-05-06 00:38:33'),
(2, 'Sang La', 'sangokyes@gmail.com', '2024-05-05 07:40:24', '$2y$12$XOZsbMOO0FqooAbmWiGNS.c8JHPH.vNmKGBVilzUtG7HkY.0eFfcO', NULL, 0, '2024-05-05 08:35:07', '2024-05-06 00:40:36'),
(3, 'Alisa King', 'meomeo@gmail.com', NULL, '$2y$12$Nzzo0N5PYApvzDQJgMGp9.oK1GF.FFYyhbLlYqATzVKcN6BoBemLG', 'ZgotjYx55RsJ0Y0aIP3mqgd824LgNHweIHXH6Ob95U2EF9U9MWY3ZWV5G1Yx', 1, '2024-05-13 14:50:27', '2024-05-15 08:09:05'),
(4, 'Meghan Craft', 'gaugau@gmail.com', '1981-12-25 23:46:00', '$2y$12$T6rFjeRsB3b.uiM9SUor4.41LTlHc2r9CtCsIZLKVjNnlkPnBZ582', NULL, 0, '2024-05-15 08:06:59', '2024-05-15 08:06:59'),
(5, 'Jack', 'meomeo1@gmail.com', NULL, '$2y$12$gt0vnZhkRQ2XtnBvUVTNNeH6d/ObPvDLl3AjazRxTbNJToHusd7Q2', NULL, 0, '2024-05-17 09:39:44', '2024-05-17 10:10:49');

--
-- Chỉ mục cho các bảng đã đổ
--

--
-- Chỉ mục cho bảng `addresses`
--
ALTER TABLE `addresses`
  ADD PRIMARY KEY (`id`),
  ADD KEY `addresses_order_id_foreign` (`order_id`);

--
-- Chỉ mục cho bảng `brands`
--
ALTER TABLE `brands`
  ADD PRIMARY KEY (`id`),
  ADD UNIQUE KEY `brands_slug_unique` (`slug`);

--
-- Chỉ mục cho bảng `categories`
--
ALTER TABLE `categories`
  ADD PRIMARY KEY (`id`),
  ADD UNIQUE KEY `categories_slug_unique` (`slug`);

--
-- Chỉ mục cho bảng `cities`
--
ALTER TABLE `cities`
  ADD PRIMARY KEY (`id`);

--
-- Chỉ mục cho bảng `comments`
--
ALTER TABLE `comments`
  ADD PRIMARY KEY (`id`),
  ADD KEY `comments_product_id_foreign` (`product_id`),
  ADD KEY `comments_user_id_foreign` (`user_id`);

--
-- Chỉ mục cho bảng `districts`
--
ALTER TABLE `districts`
  ADD PRIMARY KEY (`id`),
  ADD KEY `districts_city_id_foreign` (`city_id`);

--
-- Chỉ mục cho bảng `failed_jobs`
--
ALTER TABLE `failed_jobs`
  ADD PRIMARY KEY (`id`),
  ADD UNIQUE KEY `failed_jobs_uuid_unique` (`uuid`);

--
-- Chỉ mục cho bảng `migrations`
--
ALTER TABLE `migrations`
  ADD PRIMARY KEY (`id`);

--
-- Chỉ mục cho bảng `orders`
--
ALTER TABLE `orders`
  ADD PRIMARY KEY (`id`),
  ADD KEY `orders_user_id_foreign` (`user_id`);

--
-- Chỉ mục cho bảng `order_items`
--
ALTER TABLE `order_items`
  ADD PRIMARY KEY (`id`),
  ADD KEY `order_items_order_id_foreign` (`order_id`),
  ADD KEY `order_items_product_id_foreign` (`product_id`);

--
-- Chỉ mục cho bảng `password_reset_tokens`
--
ALTER TABLE `password_reset_tokens`
  ADD PRIMARY KEY (`email`);

--
-- Chỉ mục cho bảng `personal_access_tokens`
--
ALTER TABLE `personal_access_tokens`
  ADD PRIMARY KEY (`id`),
  ADD UNIQUE KEY `personal_access_tokens_token_unique` (`token`),
  ADD KEY `personal_access_tokens_tokenable_type_tokenable_id_index` (`tokenable_type`,`tokenable_id`);

--
-- Chỉ mục cho bảng `products`
--
ALTER TABLE `products`
  ADD PRIMARY KEY (`id`),
  ADD UNIQUE KEY `products_slug_unique` (`slug`),
  ADD KEY `products_category_id_foreign` (`category_id`),
  ADD KEY `products_brand_id_foreign` (`brand_id`);

--
-- Chỉ mục cho bảng `users`
--
ALTER TABLE `users`
  ADD PRIMARY KEY (`id`),
  ADD UNIQUE KEY `users_email_unique` (`email`);

--
-- AUTO_INCREMENT cho các bảng đã đổ
--

--
-- AUTO_INCREMENT cho bảng `addresses`
--
ALTER TABLE `addresses`
  MODIFY `id` bigint(20) UNSIGNED NOT NULL AUTO_INCREMENT, AUTO_INCREMENT=5;

--
-- AUTO_INCREMENT cho bảng `brands`
--
ALTER TABLE `brands`
  MODIFY `id` bigint(20) UNSIGNED NOT NULL AUTO_INCREMENT, AUTO_INCREMENT=5;

--
-- AUTO_INCREMENT cho bảng `categories`
--
ALTER TABLE `categories`
  MODIFY `id` bigint(20) UNSIGNED NOT NULL AUTO_INCREMENT, AUTO_INCREMENT=5;

--
-- AUTO_INCREMENT cho bảng `cities`
--
ALTER TABLE `cities`
  MODIFY `id` bigint(20) UNSIGNED NOT NULL AUTO_INCREMENT, AUTO_INCREMENT=64;

--
-- AUTO_INCREMENT cho bảng `comments`
--
ALTER TABLE `comments`
  MODIFY `id` bigint(20) UNSIGNED NOT NULL AUTO_INCREMENT, AUTO_INCREMENT=13;

--
-- AUTO_INCREMENT cho bảng `districts`
--
ALTER TABLE `districts`
  MODIFY `id` bigint(20) UNSIGNED NOT NULL AUTO_INCREMENT, AUTO_INCREMENT=702;

--
-- AUTO_INCREMENT cho bảng `failed_jobs`
--
ALTER TABLE `failed_jobs`
  MODIFY `id` bigint(20) UNSIGNED NOT NULL AUTO_INCREMENT;

--
-- AUTO_INCREMENT cho bảng `migrations`
--
ALTER TABLE `migrations`
  MODIFY `id` int(10) UNSIGNED NOT NULL AUTO_INCREMENT, AUTO_INCREMENT=14;

--
-- AUTO_INCREMENT cho bảng `orders`
--
ALTER TABLE `orders`
  MODIFY `id` bigint(20) UNSIGNED NOT NULL AUTO_INCREMENT, AUTO_INCREMENT=13;

--
-- AUTO_INCREMENT cho bảng `order_items`
--
ALTER TABLE `order_items`
  MODIFY `id` bigint(20) UNSIGNED NOT NULL AUTO_INCREMENT, AUTO_INCREMENT=12;

--
-- AUTO_INCREMENT cho bảng `personal_access_tokens`
--
ALTER TABLE `personal_access_tokens`
  MODIFY `id` bigint(20) UNSIGNED NOT NULL AUTO_INCREMENT;

--
-- AUTO_INCREMENT cho bảng `products`
--
ALTER TABLE `products`
  MODIFY `id` bigint(20) UNSIGNED NOT NULL AUTO_INCREMENT, AUTO_INCREMENT=13;

--
-- AUTO_INCREMENT cho bảng `users`
--
ALTER TABLE `users`
  MODIFY `id` bigint(20) UNSIGNED NOT NULL AUTO_INCREMENT, AUTO_INCREMENT=6;

--
-- Các ràng buộc cho các bảng đã đổ
--

--
-- Các ràng buộc cho bảng `addresses`
--
ALTER TABLE `addresses`
  ADD CONSTRAINT `addresses_order_id_foreign` FOREIGN KEY (`order_id`) REFERENCES `orders` (`id`) ON DELETE CASCADE;

--
-- Các ràng buộc cho bảng `comments`
--
ALTER TABLE `comments`
  ADD CONSTRAINT `comments_product_id_foreign` FOREIGN KEY (`product_id`) REFERENCES `products` (`id`) ON DELETE CASCADE,
  ADD CONSTRAINT `comments_user_id_foreign` FOREIGN KEY (`user_id`) REFERENCES `users` (`id`) ON DELETE CASCADE;

--
-- Các ràng buộc cho bảng `districts`
--
ALTER TABLE `districts`
  ADD CONSTRAINT `districts_city_id_foreign` FOREIGN KEY (`city_id`) REFERENCES `cities` (`id`) ON DELETE CASCADE;

--
-- Các ràng buộc cho bảng `orders`
--
ALTER TABLE `orders`
  ADD CONSTRAINT `orders_user_id_foreign` FOREIGN KEY (`user_id`) REFERENCES `users` (`id`) ON DELETE CASCADE;

--
-- Các ràng buộc cho bảng `order_items`
--
ALTER TABLE `order_items`
  ADD CONSTRAINT `order_items_order_id_foreign` FOREIGN KEY (`order_id`) REFERENCES `orders` (`id`) ON DELETE CASCADE,
  ADD CONSTRAINT `order_items_product_id_foreign` FOREIGN KEY (`product_id`) REFERENCES `products` (`id`) ON DELETE CASCADE;

--
-- Các ràng buộc cho bảng `products`
--
ALTER TABLE `products`
  ADD CONSTRAINT `products_brand_id_foreign` FOREIGN KEY (`brand_id`) REFERENCES `brands` (`id`) ON DELETE CASCADE,
  ADD CONSTRAINT `products_category_id_foreign` FOREIGN KEY (`category_id`) REFERENCES `categories` (`id`) ON DELETE CASCADE;
COMMIT;

/*!40101 SET CHARACTER_SET_CLIENT=@OLD_CHARACTER_SET_CLIENT */;
/*!40101 SET CHARACTER_SET_RESULTS=@OLD_CHARACTER_SET_RESULTS */;
/*!40101 SET COLLATION_CONNECTION=@OLD_COLLATION_CONNECTION */;
